<collection xmlns="http://exist.sourceforge.net/NS/exist" name="/db/ATU/PDF" owner="adminuser" group="guest" mode="775" created="2023-10-31T17:24:54+01:00" deduplicate-blobs="false" version="2">
    <acl entries="0" version="1"/>
    <resource type="BinaryResource" name="Cammann_4_449%20.pdf" owner="adminuser" group="guest" mode="775" created="2023-10-31T17:25:27+01:00" modified="2023-10-31T17:25:27+01:00" filename="Cammann_4_449 .pdf" mimetype="application/pdf" blob-id="a3faf3bdba1bf852c26b2d85ca2cf3e0181eba530db0f6d9a0e60f8992f3f3b6">
        <acl entries="0" version="1"/>
    </resource>
    <resource type="BinaryResource" name="Cammann_4_458.pdf" owner="adminuser" group="guest" mode="775" created="2023-10-31T17:25:29+01:00" modified="2023-10-31T17:25:29+01:00" filename="Cammann_4_458.pdf" mimetype="application/pdf" blob-id="e356d27e641ed473c2b6210a3615d63340adf1b04703f61eb0d2436be2a82dd7">
        <acl entries="0" version="1"/>
    </resource>
    <resource type="BinaryResource" name="Cammann_4_454.pdf" owner="adminuser" group="guest" mode="775" created="2023-10-31T17:25:28+01:00" modified="2023-10-31T17:25:28+01:00" filename="Cammann_4_454.pdf" mimetype="application/pdf" blob-id="1bc184f94de99aba586ffdf863d779cf48ff3e4cfc10ce7f891f63a0c3b3a575">
        <acl entries="0" version="1"/>
    </resource>
    <resource type="BinaryResource" name="fauf0070.pdf" owner="adminuser" group="guest" mode="775" created="2023-10-31T17:25:31+01:00" modified="2023-10-31T17:25:31+01:00" filename="fauf0070.pdf" mimetype="application/pdf" blob-id="4b936ae374943699590f2cabaf2a61828eae1cee666deab0fe3a87a0b2f4096f">
        <acl entries="0" version="1"/>
    </resource>
    <resource type="BinaryResource" name="Cammann_4_427.pdf" owner="adminuser" group="guest" mode="775" created="2023-10-31T17:25:27+01:00" modified="2023-11-04T22:15:15+01:00" filename="Cammann_4_427.pdf" mimetype="application/pdf" blob-id="1fe7bb9719da1eeab7ecb6fa43eb1ff0e98a175b4857f3adff62e7b001e6cdf5">
        <acl entries="0" version="1"/>
    </resource>
    <resource type="BinaryResource" name="fak2%20gv107.pdf" owner="adminuser" group="guest" mode="775" created="2023-10-31T17:25:30+01:00" modified="2023-10-31T17:25:30+01:00" filename="fak2 gv107.pdf" mimetype="application/pdf" blob-id="d84d4e987df0d68b82d717a37b073bbe0db5ff5f56582737ffbe9924ab44e6d1">
        <acl entries="0" version="1"/>
    </resource>
    <resource type="BinaryResource" name="Cammann_4_461.pdf" owner="adminuser" group="guest" mode="775" created="2023-10-31T17:25:30+01:00" modified="2023-10-31T17:25:30+01:00" filename="Cammann_4_461.pdf" mimetype="application/pdf" blob-id="8ea475b96b51df8686d24fce1dccee7a517be5b444759793e6953b27cce5a260">
        <acl entries="0" version="1"/>
    </resource>
    <resource type="BinaryResource" name="Cammann_4_426.pdf" owner="adminuser" group="guest" mode="775" created="2023-10-31T17:25:26+01:00" modified="2023-11-04T22:15:15+01:00" filename="Cammann_4_426.pdf" mimetype="application/pdf" blob-id="d8fd669537b1d3840f4382e4de282781ba08bdfe0ec01e12da59eb3310f64a5c">
        <acl entries="0" version="1"/>
    </resource>
    <resource type="BinaryResource" name="Cammann_4_452.pdf" owner="adminuser" group="guest" mode="775" created="2023-10-31T17:25:28+01:00" modified="2023-10-31T17:25:28+01:00" filename="Cammann_4_452.pdf" mimetype="application/pdf" blob-id="4771a8b3bd13831a7d8a9e691db109fe1e82eaaa854977b0f61349fe9b90dbab">
        <acl entries="0" version="1"/>
    </resource>
    <resource type="BinaryResource" name="Cammann_4_451.pdf" owner="adminuser" group="guest" mode="775" created="2023-10-31T17:25:28+01:00" modified="2023-10-31T17:25:28+01:00" filename="Cammann_4_451.pdf" mimetype="application/pdf" blob-id="bec0415d1808045817b4280aac0ee8c52acc345e1be7c1bd74a4f1749bce8cab">
        <acl entries="0" version="1"/>
    </resource>
    <resource type="BinaryResource" name="Cammann_4_460.pdf" owner="adminuser" group="guest" mode="775" created="2023-10-31T17:25:29+01:00" modified="2023-10-31T17:25:29+01:00" filename="Cammann_4_460.pdf" mimetype="application/pdf" blob-id="7bb5912a85276ca9dadf12eb9b21df36395616861e7aa4418fe5dc46d12d8d85">
        <acl entries="0" version="1"/>
    </resource>
    <resource type="BinaryResource" name="Cammann_4_459.pdf" owner="adminuser" group="guest" mode="775" created="2023-10-31T17:25:29+01:00" modified="2023-10-31T17:25:29+01:00" filename="Cammann_4_459.pdf" mimetype="application/pdf" blob-id="f6b5a22e3d8cf0a1604a20cadc6cb06c70346cd42b44ccbebe106edcfb9213e8">
        <acl entries="0" version="1"/>
    </resource>
    <resource type="BinaryResource" name="Cammann_4_453.pdf" owner="adminuser" group="guest" mode="775" created="2023-10-31T17:25:28+01:00" modified="2023-10-31T17:25:28+01:00" filename="Cammann_4_453.pdf" mimetype="application/pdf" blob-id="4ae8838d1d1c2fb2c2d4d160edd7ab7144c4511c07020d4615e6af2ef024e579">
        <acl entries="0" version="1"/>
    </resource>
    <resource type="BinaryResource" name="Cammann_4_457.pdf" owner="adminuser" group="guest" mode="775" created="2023-10-31T17:25:29+01:00" modified="2023-10-31T17:25:29+01:00" filename="Cammann_4_457.pdf" mimetype="application/pdf" blob-id="02123d9bb7e83815b7556022343a763b5d06237204a9d81f9949c3d02ab8d527">
        <acl entries="0" version="1"/>
    </resource>
    <resource type="BinaryResource" name="fak9%20gv214.pdf" owner="adminuser" group="guest" mode="775" created="2023-10-31T17:25:31+01:00" modified="2023-10-31T17:25:31+01:00" filename="fak9 gv214.pdf" mimetype="application/pdf" blob-id="d31f5771b0428a4cbd9269ae71edb7648ca96a19de03e46572279585b705fc78">
        <acl entries="0" version="1"/>
    </resource>
    <resource type="BinaryResource" name="Cammann_4_339.pdf" owner="adminuser" group="guest" mode="775" created="2023-10-31T17:25:24+01:00" modified="2023-10-31T17:25:24+01:00" filename="Cammann_4_339.pdf" mimetype="application/pdf" blob-id="ab0453fcf9011ecf7fac075e8c33ac253bc32ee15a77d3a5f6cf8e6fe445a07a">
        <acl entries="0" version="1"/>
    </resource>
    <resource type="BinaryResource" name="Cammann_4_463.pdf" owner="adminuser" group="guest" mode="775" created="2023-10-31T17:25:30+01:00" modified="2023-10-31T17:25:30+01:00" filename="Cammann_4_463.pdf" mimetype="application/pdf" blob-id="f6b2b3b2a461d33a8d13184d8121712b2e1f35f8f6a3ea1a03a667470d98a8e1">
        <acl entries="0" version="1"/>
    </resource>
    <resource type="BinaryResource" name="Cammann_4_462.pdf" owner="adminuser" group="guest" mode="775" created="2023-10-31T17:25:30+01:00" modified="2023-10-31T17:25:30+01:00" filename="Cammann_4_462.pdf" mimetype="application/pdf" blob-id="6c778f72d4920b4b7b0010425e266f4cb1c14447f27373de64ff6f3fe491ffc6">
        <acl entries="0" version="1"/>
    </resource>
    <resource type="BinaryResource" name="Cammann_4_430.pdf" owner="adminuser" group="dba" mode="640" created="2023-11-04T22:15:16+01:00" modified="2023-11-04T22:15:16+01:00" filename="Cammann_4_430.pdf" mimetype="application/pdf" blob-id="f39b7de45a123c8838dfa9c3f7b6c42e31131f9f99fc96c508b6ebfef0e19b06">
        <acl entries="0" version="1"/>
    </resource>
    <resource type="BinaryResource" name="Cammann_4_429.pdf" owner="adminuser" group="guest" mode="775" created="2023-10-31T17:25:27+01:00" modified="2023-11-04T22:15:16+01:00" filename="Cammann_4_429.pdf" mimetype="application/pdf" blob-id="ce96429dc676ee4b04749f204aefb70e27faa6bc7afb6700da53da3f3c736f0b">
        <acl entries="0" version="1"/>
    </resource>
    <resource type="BinaryResource" name="Cammann_4_428.pdf" owner="adminuser" group="guest" mode="775" created="2023-10-31T17:25:27+01:00" modified="2023-11-04T22:15:16+01:00" filename="Cammann_4_428.pdf" mimetype="application/pdf" blob-id="1c49abb29db0ad5c9f9c9c2a01dce2dfee652540b1511eb12fe865ef75532804">
        <acl entries="0" version="1"/>
    </resource>
    <resource type="BinaryResource" name="Cammann_4_342.pdf" owner="adminuser" group="guest" mode="775" created="2023-10-31T17:25:24+01:00" modified="2023-10-31T17:25:24+01:00" filename="Cammann_4_342.pdf" mimetype="application/pdf" blob-id="f240ecac1d4bf4c9c2d0b083156d750d7fc67002b136614afa7798d9a8e0a84c">
        <acl entries="0" version="1"/>
    </resource>
    <resource type="BinaryResource" name="Cammann_4_341.pdf" owner="adminuser" group="guest" mode="775" created="2023-10-31T17:25:24+01:00" modified="2023-10-31T17:25:24+01:00" filename="Cammann_4_341.pdf" mimetype="application/pdf" blob-id="3ee71e3d1186c9f0cfcf87c948550496530ed14fa2e7a9a765b42ff7a0ca9694">
        <acl entries="0" version="1"/>
    </resource>
    <resource type="BinaryResource" name="Cammann_4_340.pdf" owner="adminuser" group="guest" mode="775" created="2023-10-31T17:25:24+01:00" modified="2023-10-31T17:25:24+01:00" filename="Cammann_4_340.pdf" mimetype="application/pdf" blob-id="21e34c6fbe90126c0420ba209d68ed56d2450d53953f717cff4bab55946cd3ff">
        <acl entries="0" version="1"/>
    </resource>
    <resource type="BinaryResource" name="Cammann_4_450.pdf" owner="adminuser" group="guest" mode="775" created="2023-10-31T17:25:28+01:00" modified="2023-10-31T17:25:28+01:00" filename="Cammann_4_450.pdf" mimetype="application/pdf" blob-id="9408f310094c5c95317f87b2300ff0a7227c2a75b673472eb8cdaef4d78ece46">
        <acl entries="0" version="1"/>
    </resource>
</collection>