<collection xmlns="http://exist.sourceforge.net/NS/exist" name="/db/ATU/XSD" owner="adminuser" group="guest" mode="775" created="2023-10-31T17:21:50+01:00" deduplicate-blobs="false" version="2">
    <acl entries="0" version="1"/>
    <resource type="XMLResource" name="atu315.xsd" owner="adminuser" group="dba" mode="640" created="2023-10-31T17:22:11+01:00" modified="2023-10-31T17:22:11+01:00" filename="atu315.xsd" mimetype="application/xml">
        <acl entries="0" version="1"/>
    </resource>
    <resource type="XMLResource" name="atu314A.xsd" owner="adminuser" group="dba" mode="640" created="2023-10-31T17:22:11+01:00" modified="2023-10-31T17:22:11+01:00" filename="atu314A.xsd" mimetype="application/xml">
        <acl entries="0" version="1"/>
    </resource>
    <resource type="XMLResource" name="atu314.xsd" owner="adminuser" group="dba" mode="640" created="2023-10-31T17:22:11+01:00" modified="2023-10-31T17:22:11+01:00" filename="atu314.xsd" mimetype="application/xml">
        <acl entries="0" version="1"/>
    </resource>
    <resource type="XMLResource" name="atu313.xsd" owner="adminuser" group="dba" mode="640" created="2023-10-31T17:22:11+01:00" modified="2023-10-31T17:22:11+01:00" filename="atu313.xsd" mimetype="application/xml">
        <acl entries="0" version="1"/>
    </resource>
    <resource type="XMLResource" name="atu312.xsd" owner="adminuser" group="dba" mode="640" created="2023-10-31T17:22:10+01:00" modified="2023-10-31T17:22:10+01:00" filename="atu312.xsd" mimetype="application/xml">
        <acl entries="0" version="1"/>
    </resource>
    <resource type="XMLResource" name="atu311.xsd" owner="adminuser" group="dba" mode="640" created="2023-10-31T17:22:10+01:00" modified="2023-10-31T17:22:10+01:00" filename="atu311.xsd" mimetype="application/xml">
        <acl entries="0" version="1"/>
    </resource>
    <resource type="XMLResource" name="atu310.xsd" owner="adminuser" group="dba" mode="640" created="2023-10-31T17:22:10+01:00" modified="2023-10-31T17:22:10+01:00" filename="atu310.xsd" mimetype="application/xml">
        <acl entries="0" version="1"/>
    </resource>
    <resource type="XMLResource" name="atu307.xsd" owner="adminuser" group="dba" mode="640" created="2023-10-31T17:22:10+01:00" modified="2023-10-31T17:22:10+01:00" filename="atu307.xsd" mimetype="application/xml">
        <acl entries="0" version="1"/>
    </resource>
    <resource type="XMLResource" name="atu306.xsd" owner="adminuser" group="dba" mode="640" created="2023-10-31T17:22:10+01:00" modified="2023-10-31T17:22:10+01:00" filename="atu306.xsd" mimetype="application/xml">
        <acl entries="0" version="1"/>
    </resource>
    <resource type="XMLResource" name="atu305.xsd" owner="adminuser" group="dba" mode="640" created="2023-10-31T17:22:10+01:00" modified="2023-10-31T17:22:10+01:00" filename="atu305.xsd" mimetype="application/xml">
        <acl entries="0" version="1"/>
    </resource>
    <resource type="XMLResource" name="atu304.xsd" owner="adminuser" group="dba" mode="640" created="2023-10-31T17:22:10+01:00" modified="2023-10-31T17:22:10+01:00" filename="atu304.xsd" mimetype="application/xml">
        <acl entries="0" version="1"/>
    </resource>
    <resource type="XMLResource" name="atu303.xsd" owner="adminuser" group="dba" mode="640" created="2023-10-31T17:22:10+01:00" modified="2023-11-03T10:37:10+01:00" filename="atu303.xsd" mimetype="application/xml">
        <acl entries="0" version="1"/>
    </resource>
    <resource type="XMLResource" name="atu302.xsd" owner="adminuser" group="dba" mode="640" created="2023-10-31T17:22:10+01:00" modified="2023-10-31T17:22:10+01:00" filename="atu302.xsd" mimetype="application/xml">
        <acl entries="0" version="1"/>
    </resource>
    <resource type="XMLResource" name="atu301.xsd" owner="adminuser" group="dba" mode="640" created="2023-10-31T17:22:10+01:00" modified="2023-10-31T17:22:10+01:00" filename="atu301.xsd" mimetype="application/xml">
        <acl entries="0" version="1"/>
    </resource>
    <resource type="XMLResource" name="atu300.xsd" owner="adminuser" group="dba" mode="640" created="2023-10-31T17:22:10+01:00" modified="2023-11-04T16:06:25+01:00" filename="atu300.xsd" mimetype="application/xml">
        <acl entries="0" version="1"/>
    </resource>
    <resource type="XMLResource" name="atu000.xsd" owner="adminuser" group="dba" mode="640" created="2023-10-31T17:22:09+01:00" modified="2023-10-31T17:22:09+01:00" filename="atu000.xsd" mimetype="application/xml">
        <acl entries="0" version="1"/>
    </resource>
    <resource type="XMLResource" name="atuCoM.xsd" owner="adminuser" group="dba" mode="640" created="2023-10-31T17:22:14+01:00" modified="2023-10-31T17:22:14+01:00" filename="atuCoM.xsd" mimetype="application/xml">
        <acl entries="0" version="1"/>
    </resource>
    <resource type="XMLResource" name="atu851.xsd" owner="adminuser" group="dba" mode="640" created="2023-10-31T17:22:14+01:00" modified="2023-10-31T17:22:14+01:00" filename="atu851.xsd" mimetype="application/xml">
        <acl entries="0" version="1"/>
    </resource>
    <resource type="XMLResource" name="atu726.xsd" owner="adminuser" group="dba" mode="640" created="2023-10-31T17:22:14+01:00" modified="2023-10-31T17:22:14+01:00" filename="atu726.xsd" mimetype="application/xml">
        <acl entries="0" version="1"/>
    </resource>
    <resource type="XMLResource" name="atu650A.xsd" owner="adminuser" group="dba" mode="640" created="2023-10-31T17:22:14+01:00" modified="2023-10-31T17:22:14+01:00" filename="atu650A.xsd" mimetype="application/xml">
        <acl entries="0" version="1"/>
    </resource>
    <resource type="XMLResource" name="atu590.xsd" owner="adminuser" group="dba" mode="640" created="2023-10-31T17:22:14+01:00" modified="2023-10-31T17:22:14+01:00" filename="atu590.xsd" mimetype="application/xml">
        <acl entries="0" version="1"/>
    </resource>
    <resource type="XMLResource" name="atu575.xsd" owner="adminuser" group="dba" mode="640" created="2023-10-31T17:22:14+01:00" modified="2023-10-31T17:22:14+01:00" filename="atu575.xsd" mimetype="application/xml">
        <acl entries="0" version="1"/>
    </resource>
    <resource type="XMLResource" name="atu567.xsd" owner="adminuser" group="dba" mode="640" created="2023-10-31T17:22:13+01:00" modified="2023-11-04T21:13:59+01:00" filename="atu567.xsd" mimetype="application/xml">
        <acl entries="0" version="1"/>
    </resource>
    <resource type="XMLResource" name="atu562.xsd" owner="adminuser" group="dba" mode="640" created="2023-10-31T17:22:13+01:00" modified="2023-10-31T17:22:13+01:00" filename="atu562.xsd" mimetype="application/xml">
        <acl entries="0" version="1"/>
    </resource>
    <resource type="XMLResource" name="atu560.xsd" owner="adminuser" group="dba" mode="640" created="2023-10-31T17:22:13+01:00" modified="2023-10-31T17:22:13+01:00" filename="atu560.xsd" mimetype="application/xml">
        <acl entries="0" version="1"/>
    </resource>
    <resource type="XMLResource" name="atu555.xsd" owner="adminuser" group="dba" mode="640" created="2023-10-31T17:22:13+01:00" modified="2023-11-04T21:48:15+01:00" filename="atu555.xsd" mimetype="application/xml">
        <acl entries="0" version="1"/>
    </resource>
    <resource type="XMLResource" name="atu554.xsd" owner="adminuser" group="dba" mode="640" created="2023-10-31T17:22:13+01:00" modified="2023-11-04T17:27:32+01:00" filename="atu554.xsd" mimetype="application/xml">
        <acl entries="0" version="1"/>
    </resource>
    <resource type="XMLResource" name="atu550.xsd" owner="adminuser" group="dba" mode="640" created="2023-10-31T17:22:13+01:00" modified="2023-10-31T17:22:13+01:00" filename="atu550.xsd" mimetype="application/xml">
        <acl entries="0" version="1"/>
    </resource>
    <resource type="XMLResource" name="atu516.xsd" owner="adminuser" group="dba" mode="640" created="2023-10-31T17:22:13+01:00" modified="2023-10-31T17:22:13+01:00" filename="atu516.xsd" mimetype="application/xml">
        <acl entries="0" version="1"/>
    </resource>
    <resource type="XMLResource" name="atu514.xsd" owner="adminuser" group="dba" mode="640" created="2023-10-31T17:22:13+01:00" modified="2023-10-31T17:22:13+01:00" filename="atu514.xsd" mimetype="application/xml">
        <acl entries="0" version="1"/>
    </resource>
    <resource type="XMLResource" name="atu513A.xsd" owner="adminuser" group="dba" mode="640" created="2023-10-31T17:22:13+01:00" modified="2023-10-31T17:22:13+01:00" filename="atu513A.xsd" mimetype="application/xml">
        <acl entries="0" version="1"/>
    </resource>
    <resource type="XMLResource" name="atu400.xsd" owner="adminuser" group="dba" mode="640" created="2023-10-31T17:22:13+01:00" modified="2023-10-31T17:22:13+01:00" filename="atu400.xsd" mimetype="application/xml">
        <acl entries="0" version="1"/>
    </resource>
    <resource type="XMLResource" name="atu366.xsd" owner="adminuser" group="dba" mode="640" created="2023-10-31T17:22:13+01:00" modified="2023-10-31T17:22:13+01:00" filename="atu366.xsd" mimetype="application/xml">
        <acl entries="0" version="1"/>
    </resource>
    <resource type="XMLResource" name="atu365.xsd" owner="adminuser" group="dba" mode="640" created="2023-10-31T17:22:12+01:00" modified="2023-10-31T17:22:12+01:00" filename="atu365.xsd" mimetype="application/xml">
        <acl entries="0" version="1"/>
    </resource>
    <resource type="XMLResource" name="atu361.xsd" owner="adminuser" group="dba" mode="640" created="2023-10-31T17:22:12+01:00" modified="2023-10-31T17:22:12+01:00" filename="atu361.xsd" mimetype="application/xml">
        <acl entries="0" version="1"/>
    </resource>
    <resource type="XMLResource" name="atu360.xsd" owner="adminuser" group="dba" mode="640" created="2023-10-31T17:22:12+01:00" modified="2023-10-31T17:22:12+01:00" filename="atu360.xsd" mimetype="application/xml">
        <acl entries="0" version="1"/>
    </resource>
    <resource type="XMLResource" name="atu335.xsd" owner="adminuser" group="dba" mode="640" created="2023-10-31T17:22:12+01:00" modified="2023-10-31T17:22:12+01:00" filename="atu335.xsd" mimetype="application/xml">
        <acl entries="0" version="1"/>
    </resource>
    <resource type="XMLResource" name="atu334.xsd" owner="adminuser" group="dba" mode="640" created="2023-10-31T17:22:12+01:00" modified="2023-10-31T17:22:12+01:00" filename="atu334.xsd" mimetype="application/xml">
        <acl entries="0" version="1"/>
    </resource>
    <resource type="XMLResource" name="atu333.xsd" owner="adminuser" group="dba" mode="640" created="2023-10-31T17:22:12+01:00" modified="2023-10-31T17:22:12+01:00" filename="atu333.xsd" mimetype="application/xml">
        <acl entries="0" version="1"/>
    </resource>
    <resource type="XMLResource" name="atu332.xsd" owner="adminuser" group="dba" mode="640" created="2023-10-31T17:22:12+01:00" modified="2023-10-31T17:22:12+01:00" filename="atu332.xsd" mimetype="application/xml">
        <acl entries="0" version="1"/>
    </resource>
    <resource type="XMLResource" name="atu331.xsd" owner="adminuser" group="dba" mode="640" created="2023-10-31T17:22:12+01:00" modified="2023-10-31T17:22:12+01:00" filename="atu331.xsd" mimetype="application/xml">
        <acl entries="0" version="1"/>
    </resource>
    <resource type="XMLResource" name="atu330.xsd" owner="adminuser" group="dba" mode="640" created="2023-10-31T17:22:12+01:00" modified="2023-10-31T17:22:12+01:00" filename="atu330.xsd" mimetype="application/xml">
        <acl entries="0" version="1"/>
    </resource>
    <resource type="XMLResource" name="atu329.xsd" owner="adminuser" group="dba" mode="640" created="2023-10-31T17:22:12+01:00" modified="2023-10-31T17:22:12+01:00" filename="atu329.xsd" mimetype="application/xml">
        <acl entries="0" version="1"/>
    </resource>
    <resource type="XMLResource" name="atu328.xsd" owner="adminuser" group="dba" mode="640" created="2023-10-31T17:22:12+01:00" modified="2023-10-31T17:22:12+01:00" filename="atu328.xsd" mimetype="application/xml">
        <acl entries="0" version="1"/>
    </resource>
    <resource type="XMLResource" name="atu327B.xsd" owner="adminuser" group="dba" mode="640" created="2023-10-31T17:22:11+01:00" modified="2023-10-31T17:22:11+01:00" filename="atu327B.xsd" mimetype="application/xml">
        <acl entries="0" version="1"/>
    </resource>
    <resource type="XMLResource" name="atu327A.xsd" owner="adminuser" group="dba" mode="640" created="2023-10-31T17:22:11+01:00" modified="2023-10-31T17:22:11+01:00" filename="atu327A.xsd" mimetype="application/xml">
        <acl entries="0" version="1"/>
    </resource>
    <resource type="XMLResource" name="atu327.xsd" owner="adminuser" group="dba" mode="640" created="2023-10-31T17:22:11+01:00" modified="2023-10-31T17:22:11+01:00" filename="atu327.xsd" mimetype="application/xml">
        <acl entries="0" version="1"/>
    </resource>
    <resource type="XMLResource" name="atu326.xsd" owner="adminuser" group="dba" mode="640" created="2023-10-31T17:22:11+01:00" modified="2023-10-31T17:22:11+01:00" filename="atu326.xsd" mimetype="application/xml">
        <acl entries="0" version="1"/>
    </resource>
    <resource type="XMLResource" name="atu325.xsd" owner="adminuser" group="dba" mode="640" created="2023-10-31T17:22:11+01:00" modified="2023-10-31T17:22:11+01:00" filename="atu325.xsd" mimetype="application/xml">
        <acl entries="0" version="1"/>
    </resource>
    <resource type="XMLResource" name="atu316.xsd" owner="adminuser" group="dba" mode="640" created="2023-10-31T17:22:11+01:00" modified="2023-10-31T17:22:11+01:00" filename="atu316.xsd" mimetype="application/xml">
        <acl entries="0" version="1"/>
    </resource>
    <resource type="XMLResource" name="atu315A.xsd" owner="adminuser" group="dba" mode="640" created="2023-10-31T17:22:11+01:00" modified="2023-10-31T17:22:11+01:00" filename="atu315A.xsd" mimetype="application/xml">
        <acl entries="0" version="1"/>
    </resource>
    <subcollection name="Schema" filename="Schema"/>
</collection>