<TEI xmlns="http://www.tei-c.org/ns/1.0" xmlns:tgs="http://textgrid.info/namespaces/metadata/script/2010" xmlns:jxb="http://java.sun.com/xml/ns/jaxb" xmlns:tns="http://textgrid.info/namespaces/metadata/core/2010" xmlns:tgl="http://textgrid.info/namespaces/metadata/language/2010" xmlns:tei="http://www.tei-c.org/ns/1.0" xmlns:mz="http://www.dglab.uni-jena.de/atu/ns" xmlns:tgr="http://textgrid.info/namespaces/metadata/agent/2010" xmlns:xsi="http://www.w3.org/2001/XMLSchema-instance" xsi:schemaLocation="http://www.tei-c.org/ns/1.0 ../XSD/Schema/tei_all.xsd" xml:id="tg679" n="/Literatur/M/Busch, Wilhelm/Märchen und Sagen/Ut ôler welt/1. Volksmärchen/28. Die zwei Brüder">
 <teiHeader xmlns:a="http://www.textgrid.info/namespace/digibib/authors" xmlns:xi="http://www.w3.org/2001/XInclude" xmlns:fn="http://www.w3.org/2005/xpath-functions">
  <fileDesc>
   <titleStmt>
    <!--der Titel-->
    <title>hier der Titel. Deutsches Märchen. Annotiert nach dem Content-Annotationsstandard (ConAS)</title>
    <author/>
    <respStmt>
     <!--Beteiligte-->
     <resp>Annotiert von Vorname Nachname</resp>
     <name/>
    </respStmt>
    <principal>unter der Leitung von <name> Elguja Dadunashvili</name>
    </principal>
   </titleStmt>
   <editionStmt>
    <!--Redaktor-->
    <edition>Studentische Arbeit im Rahmen des Seminars "Theorie und Praxis der vergleichenden Erzählforschung (digitale Erschließung)", Seminarleiter Elguja Dadunashvili <date>SomSem 2018</date>
    </edition>
   </editionStmt>
   <publicationStmt>
    <!--Veröffentlichung-->
    <publisher>Friedrich-Schiller-Universität Jena</publisher>
    <pubPlace>Jena, Thüringen, Deutschland</pubPlace>
    <date>SomSem 2018</date>
    <availability>
     <!--Rechte-->
     <p>Die im Rahmen des Seminars "Theorie und Praxis der vergleichenden Erzählforschung (digitale Erschließung)" angefertigte Annotation des Textes inklusive Metadaten wird unter der Lizenz CC0 1.0 Universal veröffentlicht. </p>
     <p>
      <ref target="https://creativecommons.org/publicdomain/zero/1.0/legalcode">Lizenzvertrag</ref>
     </p>
    </availability>
   </publicationStmt>
   <sourceDesc>
    <biblFull>
     <titleStmt>
      <title>28. Die zwei Brüder</title>
     </titleStmt>
     <publicationStmt>
      <publisher>
       <idno type="handle">hdl:11858/00-1734-0000-0006-2143-F</idno>
      </publisher>
      <idno type="TextGridUri">textgrid:10bn6.0</idno>
      <availability>
       <p> Der annotierte Datenbestand der Digitalen Bibliothek inklusive Metadaten sowie davon einzeln zugängliche Teile sind eine Abwandlung des Datenbestandes von www.editura.de durch TextGrid und werden unter der Lizenz Creative Commons Namensnennung 3.0 Deutschland Lizenz (by-Nennung TextGrid) veröffentlicht. Die Lizenz bezieht sich nicht auf die der Annotation zu Grunde liegenden allgemeinfreien Texte (Siehe auch Punkt 2 der Lizenzbestimmungen). </p>
       <p>
        <ref target="http://creativecommons.org/licenses/by/3.0/de/legalcode">Lizenzvertrag</ref>
       </p>
       <p>
        <ref target="http://creativecommons.org/licenses/by/3.0/de/"> Eine vereinfachte Zusammenfassung des rechtsverbindlichen Lizenzvertrages in allgemeinverständlicher Sprache </ref>
       </p>
       <p>
        <ref target="http://www.textgrid.de/Digitale-Bibliothek">Hinweise zur Lizenz und zur Digitalen Bibliothek</ref>
       </p>
      </availability>
     </publicationStmt>
     <sourceDesc>
      <biblFull>
       <titleStmt>
        <title>Wilhelm Busch: Ut ôler Welt. Volksmärchen, Sagen, Volkslieder und Reime. ed. Otto Nöldeke. München: Lothar Joachim Verlag, 1910.</title>
        <author key="pnd:118517880">Busch, Wilhelm</author>
       </titleStmt>
       <extent>69-</extent>
       <publicationStmt>
        <publisher>
         <date when="1910"/>
        </publisher>
        <pubPlace>München</pubPlace>
       </publicationStmt>
      </biblFull>
     </sourceDesc>
    </biblFull>
   </sourceDesc>
  </fileDesc>
  <profileDesc>
   <textClass>
    <keywords>
     <term>
      <index/>
      <mz:atu a300="a300: Drachentöter"/>
      <mz:atu a303="a303: Die zwei Bruder"/>
     </term>
    </keywords>
   </textClass>
   <langUsage>
    <language ident="deu">
     <index indexName="iso639-3"/>
     <ref target="http://www-01.sil.org/iso639-3/codes.asp"/>
    </language>
   </langUsage>
   <creation>
    <placeName>
     <country>Ungarn</country>
     <region/>
     <district/>
     <settlement/>
     <geo/>
    </placeName>
    <date>1932/1936</date>
   </creation>
   <particDesc>
    <person role="InformantIn">
     <persName>
      <forename>Maria</forename>
      <surname>Brandtner</surname>
     </persName>
     <sex value="f">weiblich</sex>
     <age>11</age>
     <birth>
      <date/>
      <placeName>
       <country/>
       <district/>
       <settlement/>
       <geo/>
      </placeName>
     </birth>
     <education/>
     <residence>
      <placeName>
       <country/>
       <region/>
       <district/>
       <settlement/>
       <geo/>
      </placeName>
     </residence>
    </person>
    <person role="ForscherIn">
     <persName>
      <forename/>
      <surname/>
     </persName>
    </person>
   </particDesc>
  </profileDesc>
 </teiHeader>
 <text>
  <body>
   <div type="text" xml:id="tg679.2">
    <div type="h4">
     <head type="h4" xml:id="tg679.2.1">28. Die zwei Brüder.</head>
     <ab>
      <mz:atu hCoMaHD="hCoM a: HD Familie Fischer"/>
      <mz:atu hCoMbOB="hCoM b: OB Zwei Jungen"/>
      <mz:atu hCoMbOB="hCoM b: OB Fohle(n)"/>
      <mz:atu hCoMbOB="hCoM b: OB Hund(e)"/>
      <mz:atu hCoMbOB="hCoM b: OB Schwert(e)"/>
      <mz:atu hCoMdST="hCoM d: ST Fisch"/>
      <mz:atu hCoMfZM="hCoM f: ZM Derselbe ST"/>
      <mz:atu mCoMa="mCoM ag: Das ZM wird gar nicht gesucht"/>
      <mz:atu mCoMb="mCoM bg: Der HD begegnet dem ST"/>
      <mz:atu mCoMb="mCoM bn: Der ST übergibt dem HD das ZM"/>
      <mz:atu mCoMc="mCoM cg: Der HD nimmt das ZM in den Mund ein"/>
      <mz:atu mCoMc="mCoM cg: Der HD wird Schwanger"/>
      <mz:atu mCoMc="mCoM cu: Der HD gebärt das OB"/>
      <mz:atu mCoMd="mCoM cg: Episode zu 303 Die zwei Brüder"/>
     </ab>
     <p xml:id="tg679.2.2">Es war einmal ein Bauer, der wurde so arm, daß er nur ein einziges Pferd behielt. Da nahm er einen Fischteich in Pacht, daß er sich von der Fischerei ernähren möchte. In dem Teiche hatte er schon mehrmals einen mächtig großen Fisch bemerkt, der ging niemals in das Netz hinein, aber der Mann hatte nicht eher Ruhe noch Rast, bis er den Fisch doch endlich gefangen hatte. Da er ihn nun ans Land legte, that der Fisch sein Maul auf und sprach: »Du hast mich nun in deiner Gewalt, Fischer, und ich merken wohl, daß ich nicht wieder fortkomme; darum befolge meinen Rath und nimm wenn du mich geschlachtet hast, mein Herz, meine Leber, meine Galle und vier von meinen Floßfedern; das Herz gib deiner Frau zu essen, die Leber Deinem Pferde, die Galle dem Hunde und die Floßfedern vergrabe unter dem Tropfenfall. Wenn du das thust, so wird es dein Glück sein.« Da that der Mann, wie der Fisch ihm gesagt hatte.</p>
     <p rend="zenoPLm4n0" xml:id="tg679.2.3">Über eine Zeit, so gebar des Fischers Frau zwei Knaben, das Pferd warf zwei Füllen, der Hund zwei Junge, und als der Fischer unter dem Tropfenfalle nach den Floßfedern sah, so waren daraus zwei Schwerter und zwei Pistolen geworden. Die beiden Kinder, da sie größer wurden, hatten eine sonderliche Lust, mit den blanken Waffen zu spielen; das sah aber ihr Vater <pb n="69" xml:id="tg679.2.3.1"/> gar nicht gern, nahm sie ihnen weg und versteckte sie oben im Hause unter den Hahnenbalken; die Kinder wußten sie aber doch wieder in ihre Hände zu bringen. Als sie sechzehn Jahre alt waren, sprach der, welcher zuerst geboren war, zu seinem Bruder: »Es läßt mir hier zu Hause keine Ruhe mehr; ich will jetzt fort in die Fremde und sehen, daß ich mein Glück mache.« Er nahm ein Pferd, einen Hund, ein Schwert und eine Pistole, verabschiedete sich bei Vater, Mutter und Bruder und ritt weg in die weite Welt hinein. Vorher stieß er aber noch ein Messer in einen Baum, daß sein Bruder daran erkennen könnte, ob es ihm gut ginge oder ob ihn ein Unglück widerfahren sei.</p>
     <ab>
      <mz:atu h303aHD="h303 a: HD Dasselbe OB aus dem Typ CoM Conceptia Magica"/>
      <mz:atu h303bOB="h303 b: OB Derselbe HD"/>
      <mz:atu Antrag="h303 c: AN Die Zigeunerin"/>
      <mz:atu Antrag="h303 d: ST verwunschene Frau"/>
      <mz:atu Antrag="h303 f: ZM Das Wissen um verwünschungsauflösende Tat"/>
      <mz:atu h303jVB="h303 j: VB Der Wirt"/>
      <mz:atu m303a="m303 aa: Episode von CoM Conceptia Magica"/>
      <mz:atu m303b="m303 bg: Bei der Trennung wird ein Lebenszeichen gesetzt"/>
      <mz:atu m303b="m303 bb: Einer der HDen verlässt das Haus"/>
      <mz:atu m303b="m303 bu: Episode zu 300 Der Drachetöter"/>
     </ab>
     <ab>
      <mz:atu h300aHD="h300 a: HD Dasselbe OB aus dem Typ CoM Conceptia Magica"/>
      <mz:atu h300bOB="h300 b: OB Königstochter"/>
      <mz:atu h300cAN="h300 c: AN Der Drache"/>
      <mz:atu h300eHF="h300 e: HF Dasselbe OB aus dem Typ CoM Conceptia Magica"/>
      <mz:atu h300gFH="h300 g: FH Alter General"/>
      <mz:atu h300hHO="h300 h: HO Der König"/>
      <mz:atu h300jVB="h300 j: VB Der Wirt"/>
      <mz:atu m300a="m300 an: Episode von 303 Die zwei Brüder"/>
      <mz:atu m300b="m300 bg: Der HD gelangt in eine in tiefer Trauer lebende Stadt"/>
      <mz:atu m300b="m300 bn: Der HD wird vom VB über die Not informiert"/>
      <mz:atu m300c="m300 cn: Das OB soll dem AN geopfert werden"/>
      <mz:atu m300c="m300 cp: Der HO habe das OB demjenigen zur Frau versprochen, der den Drachen tödte"/>
      <mz:atu m300d="m300 dg: Der HD geht zum Ort wo das OB geopfert werden soll"/>
      <mz:atu m300e="m300 eg: Bei dem Kampf hilft dem HD der HF"/>
      <mz:atu m300e="m300 eg: Der HD tötet den AN"/>
      <mz:atu m300e="m300 en: Der HD behält die unauffällige Körperteile des erlegten AN"/>
      <mz:atu m300e="m300 en: Das OB markiert den siegreiche HD bzw. seinen HF"/>
      <mz:atu m300e="m300 ep: Bereitschaft zur Eheschließung zwischen HD und dem OB"/>
      <mz:atu m300e="m300 er: Der HD will bevor er heiratet seinen Wunsch erfüllen, Reise bzw. Auftrag beenden"/>
     </ab>
     <p rend="zenoPLm4n0" xml:id="tg679.2.4">Er ritt eine lange Zeit; da kam er endlich an den königlichen Hof, da waren alle Geländer schwarz mit weißen Knöpfen darauf. In dem Wirthshause dem Schlosse gegenüber nahm er Herberge und fragte sogleich den Wirth, was denn das zu bedeuten hätte; die Gitter um das königliche Schloß wären ja alle ganz schwarz mit weißen Knöpfen. Sprach der Wirth: »Das kommt daher, weil die junge Prinzessin morgen dem Drachen geopfert werden muß.« »Warum wird der Drache denn nicht getödtet?« fragte er. »Ach Gott,« sprach der Wirth; »es haben schon viele versucht, denn der König hat dem seine Tochter versprochen, der den siebenköpfigen Drachen besiegen würde, aber sie sind alle ums Leben gekommen.« Da faßte er den Entschluß, das Wagestück zu unternehmen und ritt den andern Tag zur bestimmten Stunde den Drachenstein hinauf. Da saß die Prinzessin und war ganz schwarz angezogen und weinte und erwartete jeden Augenblick den greulichen Drachen, und indem, so kam das Ungeheuer auch schon heulend und mit Gebrause durch die Luft dahergeflogen und wollte die Prinzessin verschlingen. Aber der Junge ritt ihm muthig entgegen, schwang sein Schwert, und wie er den ersten Hieb that, so flogen drei Köpfe ab, mit dem zweiten Hiebe wieder drei und als er zum dritten Male sein Schwert schwang, lag der siebente und letzte Kopf des Drachen auf dem Boden. Da hatte er die Prinzessin erlöst; die dankte ihm und wollte ihn gleich mit zu ihrem Vater nehmen. Er wollte aber nicht, so viel sie auch bat, sondern sprach: »Erst muß ich noch weiter in die Welt hinein, bis über ein Jahr, da will ich wiederkommen, wenn ich dann noch am Leben bin.« Weil er sich nun gar nicht halten ließ, so schenkte ihm die Prinzessin zum Andenken ihr seidenes Tuch und dem Pferde und dem Hunde, die bei dem Kampfe treulich mitgeholfen hatten, gab sie von ihrem Korallenhalsbande jedem drei Schnüre um den Hals. Darauf schnitt der Junge den sieben Drachenköpfen die Zungen aus, wickelte sie in das seidene Tuch der Prinzessin, und nachdem er von ihr Abschied genommen hatte, ritt er wieder den Berg hinab in das Wirthshaus, zahlte seine Zeche und sprach zu dem Wirthe, wenn ein Jahr vergangen wäre, so käme er wieder zurück; damit zog er weiter fort.</p>
     <ab>
      <mz:atu m300f="m300 fd: Unter dem Druck zwingt der FH das OB ihn als Befreier auszugeben"/>
      <mz:atu m300f="m300 fe: Der FH gibt sich als Befreier aus und verlangt die Hand des OB"/>
      <mz:atu m300f="m300 fn: Episode zu 303 Die zwei Brüder"/>
     </ab>
     <p rend="zenoPLm4n0" xml:id="tg679.2.5">Nun war da an dem königlichen Hofe ein alter General, der hatte aus der <pb n="70" xml:id="tg679.2.5.1"/> Ferne alles mit angesehen, was sich auf dem Drachenstein zutrug, und da er sah, daß der, welcher den Drachen getödtet hatte, fort und die Prinzessin allein war, stieg er zu ihr hinauf und bedrohte sie mit heftigen Worten, daß sie schweigen oder auf der Stelle sterben müßte; und dann nahm er zum Wahrzeichen die sieben Drachenköpfe mit und ging mit der Prinzessin zu ihrem Vater dem Könige und gab sich für den aus, der den Drachen besiegt und die Prinzessin erlöst hätte. Die Prinzessin stellte aber die Bedingung, daß erst über ein Jahr die Hochzeit gefeiert werden sollte.</p>
     <ab>
      <mz:atu m303c="m303 cc: Episode von 300 Der Drachentöter"/>
      <mz:atu m303c="m303 cn: Der HD trifft auf Behausung des AN/RC"/>
      <mz:atu m303c="m303 cu: Der AN fügt den HF Schaden zu"/>
      <mz:atu m303d="m303 dg: Der Retter erfährt von der Not des HD durch das Lebenszeichen"/>
      <mz:atu m303d="m303 dn: Der Retter kommt zur VB"/>
      <mz:atu m303d="m303 dp: Aufgrund der Ähnlichkeit wird der Retter für seinen Bruder gehalten"/>
      <mz:atu m303d="m303 dt: Der Retter geht auf die Suche nach dem HD"/>
      <mz:atu m303d="m303 du: Der Retter besiegt den AN/RC"/>
      <mz:atu m303d="m303 dw: Der Retter lässt den Bruder vom AN/RC wiederbeleben"/>
      <mz:atu Antrag="m303 dy: Verwünschungsauflösende Tat"/>
      <mz:atu m303d="m303 dy: Der Retter heiratet den ST"/>
      <mz:atu m303d="m303 dz: Episode zu 300 Der Drachentöter"/>
     </ab>
     <p rend="zenoPLm4n0" xml:id="tg679.2.6">Der rechte Drachentödter war unterdeß weiter geritten und kam an ein fließendes Wasser, da hinüber führte eine Brücke, die war so beschaffen, daß sie wegfloß, wenn einer hinüber war. In demselben Augenblicke, da der Junge auf der andern Seite ankam, wurde die Brücke auch von dem Strome hinweggerissen. »Das ist noch einmal gut gegangen«, sprach er, »es war Zeit, daß ich hinüberkam.« Nicht lange war er geritten, so kam er an ein verwünschtes Schloß, da war kein Baum und kein Strauch und war alles still und öde. Bei dem Schlosse war aber ein großer Pferdestall mit vielen Pferden darin; denen kam der Hafer von selber in die Krippen; da brachte der Junge sein Pferd in den Stall und ging dann in das Schloß hinein.</p>
     <p rend="zenoPLm4n0" xml:id="tg679.2.7">In dem Schlosse waren zwei Junfern; die eine war weiß, die andere war schwarz; die weiße lag im Bett und war nicht lebendig und auch nicht todt und konnte kein Wort sprechen; die schwarze aber redete den Jungen an und sprach: »Du hast hier eine schwere Aufgabe zu vollbringen, wenn du uns und unser Schloß erlösen willst. Drei Nächte hintereinander mußt du wachen und darfst kein Auge zuthun; schläfst du aber ein, so ist hier noch eine alte Zigeunerin, die macht dich todt.« Darnach brachte sie ihn in ein schönes Zimmer, gab ihm gutes Essen und Trinken und ließ ihn allein. Bis drei Uhr in der Nacht hielt es der Junge aus und blieb wach, da wurde er aber auf einmal so müde, daß er fest einschlief. Da kam die alte Zigeunerin hereingeschlichen und trug ein großes Beil in der Hand, damit hackte sie den Jungen in vier Stücke, trug ihn in ein Faß und salzte ihn ein.</p>
     <ab>
      <mz:atu/>
     </ab>
     <p rend="zenoPLm4n0" xml:id="tg679.2.8">Um dieselbe Stunde stand der andere Bruder daheim bei dem Messer und sah, daß es auf einmal rostig wurde. »Nun ist mein Bruder in großer Noth,« sprach er; »aber ich lasse ihn nicht im Stich, es mag kommen wie es will.« Sogleich setzte er sich auf sein Pferd, nahm seinen Hund, sein Schwert und seine Pistole mit, verabschiedete sich bei Vater und Mutter und zog fort, seinen Bruder aufzusuchen.</p>
     <p rend="zenoPLm4n0" xml:id="tg679.2.9">Er kam auch in die Stadt und in dasselbe Wirthshaus, wo sein Bruder zuletzt eingekehrt war, und als ihn der Wirth kommen sah, meinte er, es wäre der andere und sprach: »Ihr kommt ja früh zurück; ich meinte, Ihr wolltet erst über ein Jahr wieder hier sein, und jetzt ist doch kaum ein halbes verflossen.« »Ach, Herr Wirth«, sagte der Junge; »Ihr haltet mich gewiß für<pb n="71" xml:id="tg679.2.9.1"/> meinen Bruder; könnt Ihr mir vielleicht sagen, wo er hingeritten ist?« Da zeigte ihm der Wirth den Weg, den sein Bruder geritten war. Er zog die Straße weiter fort und kam an das Wasser und die Brücke, und als er da hinüber ritt und eben auf der andern Seite war, floß sie hinweg. »Das ist noch einmal gut gegangen«, rief er; »es war Zeit, daß ich hinüberkam.« Als er nun immer weiterzog, fand er auch das Schloß, daraus kam ihm seines Bruders Hund entgegen gelaufen, und in dem Stalle, wo den Pferden der Hafer von selber in die Krippen fiel, stand seines Bruders Pferd. Da sah er wohl, daß hier oder nirgends sein Bruder zu finden sei, band sein Pferd in den Stall und ging in das Schloß hinein.</p>
     <p rend="zenoPLm4n0" xml:id="tg679.2.10">Es waren da auch wieder die beiden Junfern, eine weiße und eine schwarze; die weiße lag noch immer im Bette; sie lebte nicht und war nicht todt und konnte kein Wort sprechen. Die schwarze war aber schon etwas weiß geworden, weil der erste Bruder bis drei Uhr in der Nacht gewacht hatte, und als sie der andere fragte, ob sein Bruder nicht hier wäre, erzählte sie ihm, wie es dem ergangen sei, daß er eingeschlafen wäre und daß ihn die alte Zigeunerin ums Leben gebracht hätte. Da ruhte der Junge nicht eher, bis er das alte Weib fand, das sich versteckt hatte, und da mußte sie aus ihrem Schlupfwinkel heraus, und der Junge bedrohte sie und sprach: »Verdammte alte Hexe! gieb meinen Bruder heraus, oder ich haue dich in eine halbe Stiege Stücke!« Da wurde das Weib bange, lief schnell hin und machte den Bruder wieder lebendig. Als der andere sah, daß sein Bruder wieder am Leben war, schwang er sein Schwert und hackte der alten Hexe den Kopf ab.</p>
     <p rend="zenoPLm4n0" xml:id="tg679.2.11">»O weh!« sprach da die schwarze Junfer; »nun kann das Schloß nicht anders erlöst werden, als wenn ihr den sieben Nägeln, die dort hinter der Thür in der Wand sitzen, mit zwei Hieben die Köpfe abhaut.« Der zweite Bruder zog sein Schwert zuerst, und mit dem ersten Hiebe, den er that, flogen von fünf Nägeln die Köpfe ab und aus jedem Nagelkopfe floß ein Tropfen Blut. »So, Bruder; nun haue du die andern ab; du bist zwar eine gute Weile eingesalzen gewesen, aber ich denke, die beiden letzten Köpfe wirst du doch wohl herunterbringen.« Da nahm der erste Bruder, der solange im Salze gelegen, alle seine Kraft zusammen und hieb mit seinem Schwerte den beiden letzten Nägeln auch glücklich die Köpfe ab und aus jedem Nagelkopfe floß wieder ein Tropfen Blut.</p>
     <p rend="zenoPLm4n0" xml:id="tg679.2.12">In diesem selben Augenblicke hörte aber auch die Verwünschung auf. Trompeten erschallten, Bäume und Blumen wuchsen aus der Erde und wurde auf einmal ein Gewühl von Menschen, die da alle mit verwünscht gewesen waren. Da wurde auch die schwarze Prinzessin ganz weiß, und die weiße, die nicht lebendig und nicht todt war, erwachte nun aus ihrem Zauberschlafe und wurde wieder frisch und lebendig. Ihr gehörte das Schloß; und da heirathete sie den jüngsten Bruder und hielt Hochzeit mit ihm.</p>
     <ab>
      <mz:atu m300g="m300 ga: Episode von 303 Die zwei Brüder"/>
      <mz:atu m300g="m300 gb: Der HD erkundigt sich beim VB über die Hochzeit"/>
      <mz:atu m300g="m300 gg: Der HD sendet seinen HF zum HO bzw. OB"/>
      <mz:atu m300g="m300 gh: Der HD wird zum Hochzeit eingeladen"/>
      <mz:atu m300g="m300 gn: Der echte HD bzw. sein HF wird durch die zuvor unternommene Markierung belegt"/>
      <mz:atu m300g="m300 gn: Jedermann erkennt nun, dass HD der wahre Retter des OB ist"/>
      <mz:atu m300g="m300 gu: Der FH wird bestraft"/>
      <mz:atu m300h="m300 hg: Der HD heiratet das OB"/>
     </ab>
     <p rend="zenoPLm4n0" xml:id="tg679.2.13">
      <pb n="72" xml:id="tg679.2.13.1"/> Der älteste Bruder aber, als die Hochzeit zu Ende war, zog wieder von da fort nach der Stadt, wo die Prinzessin wohnte, die er von dem Drachen erlöst hatte und kehrte wieder in dem Wirthshause ein, das dem Schlosse gegenüber lag. Es war aber zu der Zeit gerade ein Jahr vergangen, seit er von hier fort war. Sprach der Wirth: »Das heiß ich pünktlich sein; heute vor einem Jahre sah es hier traurig aus, heute aber ist Hochzeit drüben auf des Königs Schlosse, denn die Prinzessin heirathet den alten General, der den Drachen getödtet hat. Ein Jahr hatte sie sich ausbedungen und das ist heute herum.« »Glaubt Ihr denn wohl, Herr Wirth«, sprach der Junge, »daß mir mein Hund von dem Braten holt, der vor der königlichen Prinzessin auf dem Tische steht?« »Das kann nicht sein«, meinte der Wirth und verwettete eine große Summe, daß das nicht möglich wäre. Da hing der Junge dem Hunde die drei Reihen Perlen um, die ihm die Prinzessin gegeben, steckte ihm hinten in das Nackenhaar einen Zettel, worauf er schrieb: »Ich wünsche Braten von der königlichen Tafel zu haben,« und schickte ihn hinüber in das Schloß. Obgleich ihn die Wache nicht durchlassen wollte und Halt! gebot, so kehrte sich der Hund doch nicht daran, sondern ging gerades Wegs in den Saal zu der Prinzessin, die mit dem ganzen Hofstaate bei Tafel saß und klopfte ihr mit der Pfote auf den Schooß. Da erkannte die Prinzessin den Hund an den drei Reihen Perlen, ging mit ihm in das Nebenzimmer und fand in seinem Nackenhaar den Zettel, worauf geschrieben stand: »Ich wünsche Braten von der königlichen Tafel zu haben.« Nachdem die Prinzessin dem Hunde einen Korb mit Braten ins Maul gegeben, ließ sie der Schloßwache sagen, sie sollte den Hund nur frei passiren lassen. Der kam mit dem Braten auch getreulich zu seinem Herrn, und der Wirth mußte die Wette bezahlen.</p>
     <p rend="zenoPLm4n0" xml:id="tg679.2.14">Die Prinzessin, welche nun wohl sah, daß ihr Befreier angekommen war, bat ihren Vater, den König, daß er den Herrn, dem der Hund gehörte, holen lassen sollte. Da gab der König ihren Bitten nach, und ließ ihn in einer Kutsche mit vier Schimmeln auf das Schloß holen. Er setzte sich ganz bescheiden zu unterst an die Tafel, darauf lagen zur Schau die sieben Köpfe des Drachen, und es wurde von den Gästen viel von der Tapferkeit des alten Generals hin und her gesprochen. Da stand der Junge ganz gelassen auf, sah den Drachenköpfen in den Schlund und fragte wie das wäre; ob die Drachen denn keine Zunge hätten? »Nein!« sprach schnell der alte General, »Drachen haben keine Zungen.« »Das haben sie doch!« sprach der Junge, »und wer den Drachen getödtet hat, der muß auch wissen, wo die Zungen geblieben sind.« Damit band er sein seidenes Tuch auf, nahm die sieben Drachenzungen heraus und zeigte sie den Gästen, und als er sie den Drachenköpfen in den Schlund hielt, so paßten sie ganz genau. Als der alte General das sah, wollte er flüchten, aber der König ließ ihn von der Wache festnehmen und sah nun wohl, wer der rechte Drachentödter gewesen war; darnach <pb n="73" xml:id="tg679.2.14.1"/> so heirathete der Junge die königliche Prinzessin. Der treulose alte General wurde aber zur Strafe von vier Ochsen mitten auseinandergerissen.</p>
    </div>
   </div>
  </body>
 </text>
</TEI>