<TEI xmlns="http://www.tei-c.org/ns/1.0" xmlns:iw="http://www.dglab.uni-jena.de/atu/ns" xmlns:xsi="http://www.w3.org/2001/XMLSchema-instance" xsi:schemaLocation="http://www.tei-c.org/ns/1.0 ../XSD/Schema/tei_all.xsd">
 <teiHeader>
  <fileDesc>
   <titleStmt>
    <title>Die zwei Brüder. Deutsches Märchen. Annotiert nach dem Jenaer Schema der Märchenannotation</title>
    <author/>
    <respStmt>
     <resp>Annotiert von Isabel Winschuh</resp>
     <name/>
    </respStmt>
    <principal>unter der Leitung von <name> Elguja Dadunashvili</name></principal>
   </titleStmt>
   <editionStmt>
    <edition>Studentische Arbeit im Rahmen des Seminars "Theorie und Praxis der vergleichenden Erzählforschung (digitale Erschließung)", Seminarleiter Elguja Dadunashvili <date>WS 2016/17</date></edition>
   </editionStmt>
   <publicationStmt>
    <publisher>Seminar "Theorie und Praxis der vergleichenden Erzählforschung (digitale Erschließung)" Friedrich-Schiller-Universität Jena</publisher>
    <pubPlace>Jena, Thüringen, Deutschland</pubPlace>
    <date>WS 2016/17</date>
    <availability>
     <p>Die im Rahmen des Seminars "Theorie und Praxis der vergleichenden Erzählforschung (digitale Erschließung)" angefertigte Annotation des Textes inklusive Metadaten wird unter der Lizenz CC0 1.0 Universal veröffentlicht. </p>
     <p>
      <ref target="https://creativecommons.org/publicdomain/zero/1.0/legalcode">Lizenzvertrag</ref>
     </p>
    </availability>
   </publicationStmt>
   <sourceDesc>
    <biblFull>
     <titleStmt>
      <title>Alfred Cammann : Donauschwaben erzählen. Teil 2. Marburg : Elwert, 19??</title>
      <editor>Alfred Cammann; Alfred Karasek</editor>
     </titleStmt>
     <extent/>
     <publicationStmt>
      <publisher> Schriftenreihe der Kommission für Ostdeutsche Volkskunde in der Deutschen Gesellschaft für Volkskunde e. V. Herrausgegeben von Rhard Riemann. Band ?? </publisher>
      <pubPlace>Marburg</pubPlace>
      <date>1976</date>
      <availability>
       <p>Alle Rechte liegen beim Herausgeber</p>
      </availability>
     </publicationStmt>
    </biblFull>
   </sourceDesc>
  </fileDesc>
  <profileDesc>
   <textClass>
    <keywords>
     <term>
      <index indexName="ISBN-951-41-0961-9"/>
      <ref target="https://de.wikipedia.org/wiki/Aarne-Thompson-Index"/>
      <iw:atu a300="a300: Drachentöter"/>
      <iw:atu a303="a303: Die zwei Bruder"/>
     </term>
    </keywords>
   </textClass>
   <langUsage>
    <language ident="deu">Deutsch<index indexName="iso639-3"/><ref target="http://www-01.sil.org/iso639-3/codes.asp"/></language>
   </langUsage>
   <creation>
    <placeName>
     <country>Ungarn</country>
     <region/>
     <district/>
     <settlement/>
     <geo/>
    </placeName>
    <date/>
   </creation>
   <particDesc>
    <person role="Informant">
     <persName>
      <forename/>
      <surname/>
     </persName>
     <sex/>
     <age/>
     <birth>
      <date/>
      <placeName>
       <country/>
       <district/>
       <settlement/>
       <geo/>
      </placeName>
     </birth>
     <education/>
     <residence>
      <placeName>
       <country>Ungarn</country>
       <region/>
       <district/>
       <settlement/>
       <geo/>
      </placeName>
     </residence>
    </person>
    <person role="Forscher">
     <persName>
      <forename>August</forename>
      <surname>Prattl</surname>
     </persName>
    </person>
   </particDesc>
  </profileDesc>
  <encodingDesc>
   <editorialDecl>
    <stdVals>
     <p>Die Annotation beruht auf dem TEI 5 Annotationsstandard ergänzt durch den Namensraum "http://www.dglab.uni-jena.de/atu/ns". Der Namensraum basiert auf dem extra für die Annotation der Märchentexte ausgearbeiteten XML-Schena "atu.xsd". Dieses gilt als Instrument für die Annotation der Märchentexte nach dem iternationalen Typenkatalog von Aarne-Thompson-Uther. Autor des XML-Schema Elguja Dadunashvili</p>
    </stdVals>
   </editorialDecl>
   <geoDecl>GPS</geoDecl>
  </encodingDesc>
 </teiHeader>
 <text>
  <body>
   <head>Die zwei Brüder (aufgezeichnet von August Prattl, ohne Jahr, Titel und Name des Erzählers)</head>
   <ab>
    <iw:atu h303aHD="h303 a: HD Zwei Brüder"/>
    <iw:atu h303dST="h303 d: ST Der Müller"/>
    <iw:atu h303eHF="h303 e: HF Verschiedene Tiere"/>
    <iw:atu m303a="m303 aa: Geburt von uneheliche Kinder"/>
    <iw:atu m303a="m303 ab: Starke äußere Änlichkeit zwischen den Brüdern"/>
    <iw:atu m303a="m303 ap: Unehelich geborene Kinder werden ausgesetzt"/>
    <iw:atu m303a="m303 au: Die HDen werden vom ST aufgenommen"/>
    <iw:atu m303b="m303 bb: Die HDen verlassen das Haus"/>
    <iw:atu m303b="m303 bg: Bei der Trennung wird ein Lebenszeichen gesetzt"/>
    <iw:atu m303b="m303 bu: Episode zu 300 Der Drachetöter"/>
   </ab>
   <p>Es war mal eine Herrschaft (Bezeichnung für den Mann, den Eigentümer eines Gutes). Er hatte ein schönes Weib und eine schöne Köchin und auch einen ' beres' (Knecht), einen schönen jungen Mann, Die Frau der Herrschaft sagte zu ihrem Mann, wenn er so schön wäre wie der 'beres', das wäre ihr lieber als drei solche Vermögen! Die Herrschaft mußte einrücken zum Militär, Bevor er fortging, ließ er sein Kastell mit einer hohen Steinmauer umnehmen. An dem Kastell ging ein Mühlgraben vorüber, Hier hat die Herrschaft unten und cben ein eisernes Gitter machen lassen. Der 'beres' holte eine lange Leiter und stieg über die Mauer in das Kastell zu den zwei Frauen, Er hat die Frau und die Köchin schwanger gemacht und ist wieder vom Kastell hinaus. Er hat sich nie mehr hineingetraut.</p>
   <p>Die zwei Kinder sind auf die Welt gekommen, es waren beide Buben. Die zwei Frauen haben eine große Schachtel genommen und die Kinder hineingetan, Sie legten neben sie drei Anzüge, 700 Gulden bares Geld und haben die zwei in der Schachtel auf das Wasser getan, Die Schachtel ist bis zur nächsten Mühle gekommen, Als sie hier auf das Mühlrad kam, blieb die Mühle stehen, Die Müller haben eben Nachtmahl gegessen, sie schauten schnell, was denn los ist und fanden draußen im Wassertrog die Schachtel. Der Müller bringt sie in das Zimmer, öffnet sie und bemerkt etwas Lebendes, Die haben sie dann zum Pfarrer getragen, er hat sie eingeweiht und geöffnet. Er findet die zwei Kinder, sie weinen. In der Schachtel war ein Brief: Wer die Kinder findet, soll sie aufziehen, bis sie 14 Jahre alt sind; dann soll er sie in die Welt schicken, sie sollen es probieren.</p>
   <p>Der arme Müller hatte ohnehin fünf Kinder, er hat sie aber doch aufgezogen. Als sie im 14, Jahr waren, sagt die Frau des Müllers: Kinder, eßt euch satt und fühlt euch wohl, ihr seid im letzten Jahre bei uns! ' Als das 14. Jahr vorüber war, hat der Müller einem jeden Buben einen Hirsch, ein Reh, einen Hund und zum Essen und Trinken für acht Tage gegeben. Sie sind dann mit den Tieren fort. Nach acht Tagen wurde ihr Essen alle, da sind sie zu einem Kreuzweg gekommen. Da war ein Eichbaum, da haben sie sich angelehnt, Der eine sagt: "Unser Essen ist alle, da sind nun zwei Wege, da müssen wir uns trennen; denn sonst müssen wir verhungern!'' Sie waren ganz ähnlich. Der eine sagt: ' Wie werden wir uns wiedertreffen? ' Da sagt der andere: ''Ich stecke mein Messer in den Stamm des Eichbaumes, schaue es öfters an: Wenn es verrostet ist, dann bin ich gestorben, wenn nicht, dann lebe ich!' Dann gingen sie auseinander.</p>
   <ab>
    <iw:atu h300aHD="h300 a: HD Der HD aus dem Typ 303 Die zwei Brüder"/>
    <iw:atu h300bOB="h300 b: OB Königstochter"/>
    <iw:atu h300cAN="h300 c: AN Der Drache"/>
    <iw:atu h300eHF="h300 e: HF Der HF aus dem Typ 303 Die zwei Brüder"/>
    <iw:atu h300jVB="h300 j: VB Der Wirt"/>
    <iw:atu h300gFH="h300 g: FH Der Diener"/>
    <iw:atu h300fZM="h300 f: ZM Kräuter"/>
   </ab>
   <ab>
    <iw:atu m300a="m300 an: Episode von 303 Die zwei Brüder"/>
    <iw:atu m300b="m300 bg: Der HD gelangt in eine in tiefer Trauer lebende Stadt"/>
    <iw:atu m300b="m300 bn: Der HD wird vom VB über die Not informiert"/>
    <iw:atu m300c="m300 cn: Das OB soll dem AN geopfert werden"/>
    <iw:atu m300c="m300 cp: Der HO habe das OB demjenigen zur Frau versprochen, der den Drachen tödte"/>
    <iw:atu m300d="m300 dg: Der HD geht zum Ort wo das OB geopfert werden soll"/>
    <iw:atu m300e="m300 eg: Der HD tötet den AN"/>
    <iw:atu m300e="m300 en: Der HD behält die unauffällige Körperteile des erlegten AN"/>
    <iw:atu m300e="m300 ev: Der FH bringt den HD um"/>
    <iw:atu m300f="m300 fd: Unter dem Druck zwingt der FH das OB ihn als Befreier auszugeben"/>
    <iw:atu m300e="m300 ew: Die HF erweckt den HD mit Hilfe des ZMs zum Leben"/>
    <iw:atu m300g="m300 gg: Der HD sendet seinen HF zum HO bzw. OB"/>
    <iw:atu m300g="m300 gn: Der echte HD bzw. sein HF wird durch die zuvor unternommene Markierung belegt"/>
    <iw:atu m300g="m300 gn: Das OB erkennt den HD"/>
    <iw:atu m300h="m300 hg: Der HD heiratet das OB"/>
    <iw:atu m300g="m300 gu: Der FH wird bestraft"/>
   </ab>
   <p>Der eine wurde Schneiderlehrling, der andere kam in eine Stadt, da war alles mit schwarzen Fahnen verhängt. Er ging zu einem Wirt als Kellner, Hier fragte er: ' Warum ist die Stadt mit schwarzen Fahnen verhängt? Man hat gesagt: ''Da holt jedes Jahr der Drache eine Seele, und morgen ist an der Königstochter die Reihe! Wer sie erlösen kann, bekommt sie als Ehegattin!' Der Bube sagt: ''Ich werde es versuchen!' Der Hausknecht des Königs wollte es auch tun, Der Bub ist am andern Tage auf das Feld gegangen, wohin man die Königstochter zum Drachen führen mußte, und hat gewartet. Als die Königstochter gekommen ist, kam ihr der Drache mit neun Köpfen entgegen. Der Bube hatte einen Säbel bei sich. Mit diesem schlug er alle neun Köpfe des Drachen ab, Von den neun Köpfen hat er die Zungen herausgeschnitten und eingesteckt in die Tasche. Während dieser Zeit kommt der Hausknecht des Königs und hat den Bub aus dem Schloß der Königstochter herausgeschossen. Dann ist der Hausknecht zur Königstochter gegangen und sagte, wenn sie nicht sagt, daß er sie erlöst hat, erschießt er auch sie! Sie sind dann heimgegangen und haben Hochzeit gefeiert mit dem Hausknecht. Dem armen Bub seine Tiere haben Kräuter gesucht im Walde, und mit diesen haben sie den Bub wieder zum Leben gebracht. Der Bub hatte den silbernen Ring der Königstochter an dem Finger; der Hausknecht hatt ihn vergessen herunterzunehmen. Dann ist der Bub nach Hause in das Wirtshaus gegangen. Der andere Bub kommt auch daher, und so treffen sie sich. Sie hatten nur einen Wunsch, bei der Hochzeit zu sein. Der Wirt will ihnen das ermöglichen. Sie schicken erst den Hund zur Königstochter mit einem Korb. In dem Korb liegt ein Zettel, Die Königstochter liest den Zettel und schickt in dem Korb drei Speisen. Dann kommt das Reh. Dieses bringt in einem Körbchen auch einen Brief, Da weinte die Königstochter. Dann kommt der Hirsch und zuletzt die Buben selbst, Sie wurden zur Königstochter geführt und setzten sich rechts und links neben sie. Dem Hausknecht ist eingefallen, daß der Bub die neun Zungen des Drachen hat; er ließ deshalb neun Lämmerzungen bringen. Die Königstochter schenkte Wein ein und reichte ihn dem Erlöser. Dieser ließ den Ring in das Glas fallen, Da erkannte sie ihn. Das wurde bekannt. Die Königstochter will von dem Hausknecht nichts wissen. Die Hochzeit wurde mit dem wirklichen Erlöser gefeiert, Der Hausknecht wurde bestraft. Man hat ihn an einen Wagen gebunden und so lange herumgeschleppt, bis kein Stück daran war.</p>
  </body>
 </text>
</TEI>