<TEI xmlns="http://www.tei-c.org/ns/1.0" xmlns:tgs="http://textgrid.info/namespaces/metadata/script/2010" xmlns:jxb="http://java.sun.com/xml/ns/jaxb" xmlns:tns="http://textgrid.info/namespaces/metadata/core/2010" xmlns:tgl="http://textgrid.info/namespaces/metadata/language/2010" xmlns:tei="http://www.tei-c.org/ns/1.0" xmlns:tgr="http://textgrid.info/namespaces/metadata/agent/2010" xmlns:xsi="http://www.w3.org/2001/XMLSchema-instance" xmlns:ed="http://www.dglab.uni-jena.de/atu/ns" xsi:schemaLocation="http://www.tei-c.org/ns/1.0 ../XSD/Schema/tei_all.xsd" xml:id="tg65" n="/Literatur/M/Meier, Ernst/Märchen/Deutsche Volksmärchen aus Schwaben/58. Der Drachentödter">
 <teiHeader xmlns:xi="http://www.w3.org/2001/XInclude" xmlns:a="http://www.textgrid.info/namespace/digibib/authors" xmlns:fn="http://www.w3.org/2005/xpath-functions">
  <fileDesc>
   <titleStmt>
    <title>
     <ref target="https://textgridrep.org/browse/-/browse/sc74_0">58. Der Drachentödter</ref>
    </title>
   </titleStmt>
   <publicationStmt>
    <publisher/>
    <idno type="handle">hdl:11858/00-1734-0000-0004-334D-A</idno>
    <idno type="TextGridUri">textgrid:sc74.0</idno>
    <availability>
     <p> Der annotierte Datenbestand der Digitalen Bibliothek inklusive Metadaten sowie davon einzeln zugängliche Teile sind eine Abwandlung des Datenbestandes von www.editura.de durch TextGrid und werden unter der Lizenz Creative Commons Namensnennung 3.0 Deutschland Lizenz (by-Nennung TextGrid) veröffentlicht. Die Lizenz bezieht sich nicht auf die der Annotation zu Grunde liegenden allgemeinfreien Texte (Siehe auch Punkt 2 der Lizenzbestimmungen). </p>
     <p>
      <ref target="http://creativecommons.org/licenses/by/3.0/de/legalcode">Lizenzvertrag</ref>
     </p>
     <p>
      <ref target="http://creativecommons.org/licenses/by/3.0/de/"> Eine vereinfachte Zusammenfassung des rechtsverbindlichen Lizenzvertrages in allgemeinverständlicher Sprache </ref>
     </p>
     <p>
      <ref target="http://www.textgrid.de/Digitale-Bibliothek">Hinweise zur Lizenz und zur Digitalen Bibliothek</ref>
     </p>
     <p>Die im Rahmen des Seminars "Theorie und Praxis der vergleichenden Erzählforschung (digitale Erschließung)" angefertigte Annotation des Textes inklusive Metadaten wird unter der Lizenz Creative Commons Namensnennung 3.0 Deutschland Lizenz (by-Nennung des Seminars "Theorie und Praxis der vergleichenden Erzählforschung (digitale Erschließung)" veröffentlicht. </p>
    </availability>
   </publicationStmt>
   <sourceDesc>
    <biblFull>
     <titleStmt>
      <title>Ernst Meier: Deutsche Volksmärchen aus Schwaben. Stuttgart: C. P. Scheitlin’s Verlagshandlung, 1852.</title>
      <author key="pnd:117551848">Meier, Ernst</author>
     </titleStmt>
     <extent>204-</extent>
     <publicationStmt>
      <publisher/>
      <date when="1852"/>
      <pubPlace>Stuttgart</pubPlace>
     </publicationStmt>
    </biblFull>
   </sourceDesc>
  </fileDesc>
  <profileDesc>
   <textClass>
    <keywords scheme="http://textgrid.info/namespaces/metadata/core/2010#genre">
     <term>prose</term>
    </keywords>
    <keywords>
     <term>
      <ed:atu a300="a300: Drachentöter"/>
      <ed:atu a554="a554: Dankbare Tiere"/>
      <ed:atu a303="a303: Die zwei Bruder"/>
     </term>
    </keywords>
   </textClass>
   <langUsage>
    <language ident="deu"/>
   </langUsage>
   <creation>
    <placeName>
     <country>Deutschland</country>
     <region>Baden-Württemberg</region>
     <district>Bühl</district>
     <settlement/>
     <geo>48.695619, 8.137414</geo>
    </placeName>
    <date notBefore="1813" notAfter="1852"/>
    <ref target="https://textgridrep.org/browse/-/browse/sc26_0">nach den Quellenangabe von Autor</ref>
   </creation>
   <particDesc>
    <person role="Informant">
     <persName>
      <forename/>
      <surname/>
     </persName>
     <sex>m</sex>
     <age/>
     <birth>
      <date/>
      <name type="place"/>
     </birth>
     <education/>
    </person>
   </particDesc>
   <settingDesc>
    <p>Der Erzähler hatte dieß leider nicht ganz vollständige Märchen vor 30 Jahren in der Schweiz gehört</p>
   </settingDesc>
  </profileDesc>
  <encodingDesc>
   <editorialDecl>
    <stdVals>
     <p>Die Annotation beruht auf dem TEI 5 Annotationsstandard ergänzt durch den Namensraum "http://www.dglab.uni-jena.de/atu/ns". Der Namensraum gilt extra für die Annotation der Märchentexte entsprechend dem internationalen Typenkatalog nach System ATU. Autor des Schema Elguja Dadunashvili</p>
    </stdVals>
   </editorialDecl>
   <geoDecl>GPS</geoDecl>
   <projectDesc>
    <p>Testarbeit im Rahmen des Seminars "Theorie und Praxis der vergleichenden Erzählforschung (digitale Erschließung)", Seminarleiter Dr. Elguja Dadunashvili</p>
    <p>Annotiert von Elguja Dadunashvili</p>
    <ab>
     <date>WS 2016/17</date>
    </ab>
   </projectDesc>
  </encodingDesc>
 </teiHeader>
 <text>
  <body>
   <div type="text" xml:id="tg65.2">
    <div type="h4">
     <head type="h4" xml:id="tg65.2.1">58. Der Drachentödter.</head>
     <ab>
      <ed:atu h303aHD="h303 a: HD Drei Brüder"/>
      <ed:atu h303eHF="h303 e: HF aus dem Typ 554 Dankbare Tiere"/>
      <ed:atu m303b="m303 bb: Die HDen verlassen das Haus"/>
      <ed:atu m303b="m303 bg: Bei der Trennung wird ein Lebenszeichen gesetzt"/>
     </ab>
     <p xml:id="tg65.2.2"> Es war einmal ein König, der hatte drei Söhne, die ließ er alle auf gleiche Weise kleiden, und gab jedem ein Schwert und viel Geld und sagte: nun sollten sie auf Reisen ihr Glück versuchen und in der Welt sich umsehen. Ja, dazu waren auch die drei Brüder sogleich bereit und zogen mit einander fort in die weite Welt hinaus. – Wie sie nun schon ein gutes Stück gewandert waren, beschloßen sie, sich zu trennen, und steckten ihre Schwerter zusammen in eine Tanne; wenn dann Einer von uns zurückkommt, so kann er gleich sehen, ob wir noch alle am Leben sind, sagten sie; hat das Schwert Einen Rostflecken, so ist Einer von uns todt; hat es zwei, so sind zwei von uns todt; hat es aber drei, so sind wir alle mit einander todt. Dann gieng der eine zur Rechten, der andre zur Linken; der jüngste aber gieng grad aus und kam bald in einen großen großen Wald.</p>
     <ab>
      <ed:atu h554aHD="h554 a: HD Der HD aus dem Typ 303 Die zwei Brüder"/>
      <ed:atu h554eHF="h554 e: HF Bär"/>
      <ed:atu h554eHF="h554 e: HF Wolf"/>
      <ed:atu h554eHF="h554 e: HF Löwe"/>
      <ed:atu m554a="m554 ag: Episode von 303 Die zwei Brüder"/>
      <ed:atu m554b="m554 bg: Der HD verschont den HF"/>
      <ed:atu m554c="m554 cg: Der HF begleitet den HD"/>
      <ed:atu m554e="m554 eg: Episode zu 300 Der Drachentöter"/>
     </ab>
     <p rend="zenoPLm4n0" xml:id="tg65.2.3"> Wie er nun so allein seinen Weg dahingieng und eben an nichts dachte, kam ihm mit einem Male ein Bär entgegen. Da griff er flink nach seiner Flinte und legte an <pb n="204" xml:id="tg65.2.3.1"/> und wollte ihn todt schießen; der Bär aber rief: »tödte mich nicht, es wird dein Glück sein!« Da ließ er ihn leben, und dann kam der Bär ganz freundlich heran und war zahm und begleitete ihn durch den Wald. – Als er eine Strecke weiter gegangen war, kam plötzlich ein großer Wolf dahergesprungen, so daß er erschrack und gleich seine Flinte anlegte und ihm eine Kugel auf den Pelz schicken wollte. Der Wolf aber rief schnell: »tödte mich nicht, es wird dein Glück sein!« Da ließ er ihn auch leben und nun zog der Wolf mit dem Bären hinter ihm her. – Als er abermals eine Strecke weiter gegangen war, spazirte ein Löwe daher; den wollte er auch erst todt schießen; weil aber der Löwe sagte: »tödte mich nicht, es wird dein Glück sein!« so schenkte er ihm gern das Leben, und nun zog auch der Löwe mit dem Wolfe und dem Bären hinter ihm her und alle drei Thiere wichen nicht mehr von ihm.</p>
     <ab>
      <ed:atu h300aHD="h300 a: HD Der HD aus dem Typ 303 Die zwei Brüder"/>
      <ed:atu h300cAN="h300 c: AN Der Drache"/>
      <ed:atu h300gFH="h300 g: FH Der Kutscher"/>
      <ed:atu h300eHF="h300 e: HF Der HF aus dem Typ 554 Dankbare Tiere"/>
      <ed:atu h300jVB="h300 j: VB Der Wirt"/>
      <ed:atu h300hHO="h300 h: HO Der König"/>
      <ed:atu h300bOB="h300 b: OB Königstochter"/>
      <ed:atu m300a="m300 an: Episode von 554 Dankbare Tiere"/>
      <ed:atu m300b="m300 bg: Der HD gelangt in eine in tiefer Trauer lebende Stadt"/>
      <ed:atu m300c="m300 cg: Der AN lässt die Bewohner der Stadt ihm Tribut zu entrichten"/>
      <ed:atu m300c="m300 cn: Das OB soll dem AN geopfert werden"/>
     </ab>
     <p rend="zenoPLm4n0" xml:id="tg65.2.4"> Nachdem der Prinz nun eine lange Zeit mit seinen Begleitern immer grad aus durch den Wald fortgewandert war, ohne einen Menschen zu begegnen, kam er endlich an eine Stadt, in die gieng er vergnügt mit seinen Thieren hinein. Die Stadt aber hatte ein gar sonderbares Aussehen; alle Häuser waren mit schwarzem Flor behangen und die Menschen waren alle so still und so traurig, daß der Prinz nur alsbald fragen mußte, was denn der Stadt fehle, daß sie eine solche Trauer anstelle? Da erzählten ihm die Leute: »Auf dem Berge dort, wo die Kapelle steht, da hauset ein Drache, der hat sieben Köpfe, und dem muß man alle Tage einen Menschen und ein Schaaf zum Eßen bringen, sonst ist <pb n="205" xml:id="tg65.2.4.1"/> Niemand vor ihm sicher. Nun hat er aus unserer Stadt schon so viele Menschen verzehrt, daß morgen die Reihe an die einzige Tochter des Königs kommt; deshalb ist die ganze Stadt in so tiefer Trauer.«</p>
     <ab>
      <ed:atu m300d="m300 dg: Der HD geht zum Ort wo das OB geopfert werden soll"/>
      <ed:atu m300e="m300 eg: Der HD tötet den AN"/>
      <ed:atu m300e="m300 eg: Bei dem Kampf hilft dem HD der HF"/>
      <ed:atu m300e="m300 en: Das OB markiert den siegreiche HD bzw. seinen HF"/>
      <ed:atu m300e="m300 en: Der HD behält die unauffällige Körperteile des erlegten AN"/>
      <ed:atu m300e="m300 ep: Bereitschaft zur Eheschließung zwischen HD und dem OB"/>
      <ed:atu m300e="m300 ev: Der HD schickt das OB zu ihrer Eltern"/>
     </ab>
     <p rend="zenoPLm4n0" xml:id="tg65.2.5"> Da dachte der Prinz: »ei, wenn Du den Drachen erlegen könntest!« und nahm sich vor, daß er es mit seinen Thieren versuchen wollte, und begab sich am folgenden Tage zu der bestimmten Stunde auf den Berg nach der Kapelle, wo der Drache sich immer zeigen sollte! Er hatte ein gutes Schwert mitgenommen und seine Thiere begleiteten ihn. Wie er nun zu der Kapelle kam, gieng die Prinzessin eben hinein, um zu beten, und winkte ihm mit der Hand zu, daß er fortgehen möge. Er aber sprach: »Sei gutes Muthes, ich bin gekommen, Dich zu erretten und den Drachen zu tödten!« Darauf kniete die Jungfrau in der Kapelle nieder und betete; und alsbald kam der siebenköpfige Drache ganz wild angeschoßen und drang auf den Prinzen ein; während der nun sein Schwert zog, kämpften der Wolf und der Löwe mit dem Drachen und jeder riß und biß ihm drei Köpfe ab; den siebenten und letzten Kopf hieb ihm dann der Prinz mit seinem Schwerte ab, also, daß das Ungeheuer überwunden und todt war. – Da kam die Prinzessin aus der Kapelle und dankte ihrem Retter und nahm eine goldene Kette, die sie getragen und vertheilte sie unter die Thiere und hieng einem jeden ein Stück davon um den Hals. Dem Prinzen aber sagte sie: »Du hast mich erlöst, nun mußt Du auch König werden und mich heirathen.« Ja, das wollte der Prinz wohl gern; denn sie war so schön, wie <pb n="206" xml:id="tg65.2.5.1"/> er noch nie eine Jungfrau gesehen hatte. »Aber erst muß ich noch reisen und in der Welt mich umsehen; über Jahr und Tag komme ich wieder und dann wollen wir Hochzeit halten!« sagte er. Darauf schnitt er noch aus den Drachenköpfen die sieben Zungen heraus, wickelte sie in ein Tuch und steckte das ein, dann nahm er Abschied von seiner Braut und zog mit seinen getreuen Thieren auf gut Glück in die weite Welt hinaus.</p>
     <ab>
      <ed:atu m300f="m300 fe: Der FH gibt sich als Befreier aus und verlangt die Hand des OB"/>
      <ed:atu m300f="m300 ff: Das OB schiebt den Hochzeit wie möglich auf"/>
     </ab>
     <p rend="zenoPLm4n0" xml:id="tg65.2.6"> Sobald er fort war, nahm der Kutscher, welcher die Prinzessin zur Kapelle gefahren hatte und der sie jetzt auch wieder heimfahren sollte, die sieben Drachenköpfe in den Wagen und zwang unterwegs die Prinzessin durch Drohungen dazu, daß sie daheim sagen mußte, er habe den Drachen getödtet. Dem Drachentödter aber hatte der König schon lange seine einzige Tochter zur Gemahlin versprochen; deshalb wollte der Kutscher auch alsbald Hochzeit mit der Prinzessin halten; allein sie wußte bald unter diesem, bald unter jenem Vorwande es dahin zu bringen, daß die Hochzeit aufgeschoben wurde. So trieb sie es ein ganzes Jahr lang; dann mußte sie nachgeben und that es auch williger, weil sie hoffte, daß der rechte Bräutigam sich jetzt wohl wieder einstellen werde.</p>
     <ab>
      <ed:atu m300g="m300 gc: Der HD kehrt unbekannt in die Stadt zurück"/>
      <ed:atu m300g="m300 gb: Der HD erkundigt sich beim VB über die Hochzeit"/>
     </ab>
     <p rend="zenoPLm4n0" xml:id="tg65.2.7">Und richtig, nachdem der Prinz sein Geld verzehrt hatte und das Jahr bald um war, hatte er sich auf den Weg zu seiner Braut gemacht. Da kam er in die Stadt, als eben noch ein einziger Tag an dem Jahre fehlte. In der Stadt aber gieng's überall lustig und lebendig zu. Da fragte er den Wirth: »Was gibt's denn hier? vor etwa einem Jahre <pb n="207" xml:id="tg65.2.7.1"/> war die ganze Stadt mit Trauerflor behangen; heute dagegen sehe ich überall fröhliche Gesichter und die ganze Stadt ist wie zu einem Feste geschmückt.« Da erzählte ihm der Wirth, daß morgen die Tochter des Königs Hochzeit habe mit dem Kutscher, der sie vor einem Jahr von dem Drachen erlöst habe. –</p>
     <ab>
      <ed:atu m300g="m300 gg: Der HD sendet seinen HF zum HO bzw. OB"/>
     </ab>
     <p rend="zenoPLm4n0" xml:id="tg65.2.8"> Am andern Tage nun gab der König ein großes Gastmahl. Wie der Prinz, der als Jäger gekleidet war, nun allein im Wirthshause saß, sagte er zu dem Wirthe: er solle ihm doch eine Flasche Wein holen, wie die Braut im Schloße ihn trinke. Ja das könne er nicht, meinte der Wirth. »Dann muß ich wohl meinen Wolf hinschicken,« sagte der Prinz und schickte ihn hin zu der Prinzessin: sein Herr laße um eine Flasche von dem Wein bitten, den sie selbst trinke. Da dauerte es nicht lange, da kam der Wolf auch richtig damit zurück, daß der Wirth sich nicht genug verwundern konnte. »Jetzt will ich auch von dem Braten haben, wie die Braut ihn ißt,« sprach der Prinz und schickte den Bären auf's Schloß; der brachte alsbald auch ein Stück von dem allerbesten und feinsten Braten. »Nun muß ich auch Brod haben, wie die Prinzessin es ißt!« sprach der Prinz und schickte den Löwen hin, der es auch nach kurzer Zeit ihm brachte. – Die Thiere nämlich hatten durch nichts sich abhalten laßen und waren bis in den Saal zu der Braut vorgedrungen; die hatte sie sogleich erkannt und ihnen alles gegeben, was sie für ihren Herrn forderten.</p>
     <ab>
      <ed:atu m300g="m300 gn: Das OB erkennt den HD"/>
      <ed:atu m300g="m300 gn: Der echte HD bzw. sein HF wird durch die zuvor unternommene Markierung belegt"/>
      <ed:atu m300h="m300 hg: Der HD heiratet das OB"/>
      <ed:atu m300g="m300 gu: Der FH wird bestraft"/>
     </ab>
     <p rend="zenoPLm4n0" xml:id="tg65.2.9"> Da nahm endlich der König seine Tochter bei Seite und sprach: »was hast Du denn mit den wilden Thieren <pb n="208" xml:id="tg65.2.9.1"/> vor?« Da erzählte und entdeckte sie ihm, daß der wahre Drachentödter jetzt da sei und daß sie den und keinen andern heirathen werde. Darauf schickte der König sogleich eine Ordonanz in's Wirthshaus und ließ den Herrn der wilden Thiere zur Tafel laden. Da kam er. Endlich, als alle recht vergnügt waren, sagte der König: jetzt solle auch ein jeder seine Lebensgeschichte erzählen, und da kam denn zuerst die Reihe an den Bräutigam, der den Drachen besiegt haben wollte; der hatte die sieben Köpfe auf einen Tisch hinstellen laßen und erzählte nun, wie er sie dem Drachen abgeschlagen habe. Als er fertig war, forderte der König den fremden Mann mit den wilden Thieren auf, daß er jetzt doch auch seinen Lebenslauf erzählen möge. Das that er denn auch gern und erzählte, wie er die treuen Thiere bekommen und wie sie ihm geholfen hatten, einen siebenköpfigen Drachen zu überwinden und eine Königstochter zu erlösen und wie er darauf noch ein Jahr lang in der Welt herumgezogen sei. Indem er alsdann die sieben Drachenköpfe betrachtete, sprach er weiter: »Jedes Thier hat sonst doch eine Zunge; aber die da werden keine haben.« Und als man nachsah, – nein, da hatten alle sieben Drachenköpfe keine Zungen. Darauf zog er die Wahrzeichen aus der Tasche, und die Zungen passten ganz zu den abgeschnittenen Enden im Rachen der Drachenköpfe, also, daß die Arglist des Kutschers an den Tag kam. Sodann fragte der Prinz noch die Prinzessin: ob sie die goldene Kette am Halse der Thiere wohl kenne? »O gewiß, sagte sie, die kenne ich sehr gut! ich selbst habe sie ja deinen Thieren umgehängt, <pb n="209" xml:id="tg65.2.9.2"/> weil sie Dir so treu und tapfer bei der Erlegung des Drachen geholfen hatten. « Und nun war die Braut froh, daß der rechte Bräutigam da war; den hat sie dann geheirathet und er ist König geworden. Dem falschen aber wurde der Kopf abgeschlagen.</p>
     <p rend="zenoPLm4n0" xml:id="tg65.2.10">Was nun aus den beiden Brüdern des Prinzen geworden ist, ob sie heimgekehrt sind, oder noch in der Welt herumwandern, das hat mir Niemand sagen können. Wenn ich aber an den Tannenbaum komme, will ich doch nachsehen, ob sie noch am Leben sind, oder ob die Schwerter Rostflecken bekommen haben.</p>
    </div>
   </div>
  </body>
 </text>
</TEI>