<TEI xmlns="http://www.tei-c.org/ns/1.0" xmlns:tgs="http://textgrid.info/namespaces/metadata/script/2010" xmlns:jxb="http://java.sun.com/xml/ns/jaxb" xmlns:tns="http://textgrid.info/namespaces/metadata/core/2010" xmlns:tgl="http://textgrid.info/namespaces/metadata/language/2010" xmlns:tei="http://www.tei-c.org/ns/1.0" xmlns:mz="http://www.dglab.uni-jena.de/atu/ns" xmlns:tgr="http://textgrid.info/namespaces/metadata/agent/2010" xmlns:xsi="http://www.w3.org/2001/XMLSchema-instance" xmlns:ed="http://www.dglab.uni-jena.de/atu/ns" xsi:schemaLocation="http://www.tei-c.org/ns/1.0 ../XSD/Schema/tei_all.xsd" xml:id="tg11" n="/Literatur/M/Pröhle, Heinrich/Märchen/Kinder- und Volksmärchen/5. Glücksvogel und Pechvogel">
 <teiHeader xmlns:a="http://www.textgrid.info/namespace/digibib/authors" xmlns:xi="http://www.w3.org/2001/XInclude" xmlns:fn="http://www.w3.org/2005/xpath-functions">
  <fileDesc>
   <titleStmt>
    <title>Glücksvogel und Pechvogel. Deutsches Märchen. Annotiert nach dem Content-Annotation-Standard (ConAS)</title>
    <author/>
    <respStmt>
     <resp>Annotiert von Elguja Dadunashvili</resp>
     <name/>
    </respStmt>
    <principal>
     <name> Elguja Dadunashvili</name>
    </principal>
   </titleStmt>
   <editionStmt>
    <edition>Testarbeit im Rahmen des Seminars "Theorie und Praxis der vergleichenden Erzählforschung (digitale Erschließung)", Seminarleiter Elguja Dadunashvili <date>WS 2016/17</date>
    </edition>
   </editionStmt>
   <publicationStmt>
    <publisher>Seminar "Theorie und Praxis der vergleichenden Erzählforschung (digitale Erschließung)" Friedrich-Schiller-Universität Jena</publisher>
    <pubPlace>Jena, Thüringen, Deutschland</pubPlace>
    <date>SoSe 2017</date>
    <availability>
     <p>Die im Rahmen des Seminars "Theorie und Praxis der vergleichenden Erzählforschung (digitale Erschließung)" angefertigte Annotation des Textes inklusive Metadaten wird unter der Lizenz CC0 1.0 Universal veröffentlicht. </p>
     <p>
      <ref target="https://creativecommons.org/publicdomain/zero/1.0/legalcode">Lizenzvertrag</ref>
     </p>
    </availability>
   </publicationStmt>
   <sourceDesc>
    <biblFull>
     <titleStmt>
      <title>5. Glücksvogel und Pechvogel</title>
     </titleStmt>
     <publicationStmt>
      <publisher/>
      <idno type="handle">hdl:11858/00-1734-0000-0004-80D4-2</idno>
      <idno type="TextGridUri">textgrid:t5wk.0</idno>
      <availability>
       <p> Der annotierte Datenbestand der Digitalen Bibliothek inklusive Metadaten sowie davon einzeln zugängliche Teile sind eine Abwandlung des Datenbestandes von www.editura.de durch TextGrid und werden unter der Lizenz Creative Commons Namensnennung 3.0 Deutschland Lizenz (by-Nennung TextGrid) veröffentlicht. Die Lizenz bezieht sich nicht auf die der Annotation zu Grunde liegenden allgemeinfreien Texte (Siehe auch Punkt 2 der Lizenzbestimmungen). </p>
       <p>
        <ref target="http://creativecommons.org/licenses/by/3.0/de/legalcode">Lizenzvertrag</ref>
       </p>
       <p>
        <ref target="http://creativecommons.org/licenses/by/3.0/de/"> Eine vereinfachte Zusammenfassung des rechtsverbindlichen Lizenzvertrages in allgemeinverständlicher Sprache </ref>
       </p>
       <p>
        <ref target="http://www.textgrid.de/Digitale-Bibliothek">Hinweise zur Lizenz und zur Digitalen Bibliothek</ref>
       </p>
      </availability>
     </publicationStmt>
     <sourceDesc>
      <biblFull>
       <titleStmt>
        <title>Heinrich Pröhle: Kinder- und Volksmärchen. Leipzig: Avenarius und Mendelsohn, 1853.</title>
        <author key="pnd:116292199">Pröhle, Heinrich</author>
       </titleStmt>
       <extent>16-</extent>
       <publicationStmt>
        <publisher/>
        <date when="1853"/>
        <pubPlace>Leipzig</pubPlace>
       </publicationStmt>
      </biblFull>
     </sourceDesc>
    </biblFull>
   </sourceDesc>
  </fileDesc>
  <profileDesc>
   <creation>
    <date notBefore="1822" notAfter="1853"/>
   </creation>
   <handNotes>
    <handNote/>
   </handNotes>
   <langUsage>
    <language ident="deu">German<index indexName="iso639-3"/>
     <ref target="http://www-01.sil.org/iso639-3/codes.asp"/>
    </language>
   </langUsage>
   <textClass>
    <keywords scheme="http://textgrid.info/namespaces/metadata/core/2010#genre">
     <term>prose</term>
    </keywords>
    <keywords>
     <term>
      <ed:atu a303="a303: Die zwei Bruder"/>
      <ed:atu a300="a300: Drachentöter"/>
     </term>
    </keywords>
   </textClass>
  </profileDesc>
 </teiHeader>
 <text>
  <body>
   <div type="text" xml:id="tg11.2">
    <div type="h4">
     <head type="h4" xml:id="tg11.2.1">
      <pb n="19" xml:id="tg11.2.1.1"/> 5. Glücksvogel und Pechvogel.</head>
     <ab>
      <ed:atu h303aHD="h303 a: HD Zwei Brüder"/>
      <ed:atu h303bOB="h303 b: OB Derselbe HD"/>
      <ed:atu h303cAN="h303 c: AN Die Hexe"/>
      <ed:atu h303eHF="h303 e: HF Das Pferd"/>
      <ed:atu h303eHF="h303 e: HF Der Hund"/>
      <ed:atu h303dST="h303 d: ST Derselbe AN"/>
      <ed:atu h303fZM="h303 f: ZM Lebensspendendes Zaubermittel"/>
      <ed:atu m303a="m303 an: Die HF werden später übernatürlicherweise erzeugt (-CoM)"/>
      <ed:atu m303b="m303 bb: Die HDen verlassen das Haus"/>
      <ed:atu m303b="m303 bd: Der HD wird leichte Beute des AN"/>
      <ed:atu m303b="m303 bg: Bei der Trennung wird ein Lebenszeichen gesetzt"/>
      <ed:atu m303b="m303 bu: Episode zu 300 Der Drachetöter"/>
     </ab>
     <p xml:id="tg11.2.2">In einem Holze wohnte ein Mann, der hatte zwei Zwillinge, von denen war der eine ein Glücksvogel, der andere ein Pechvogel. Der Mann aber säete auf ein Stücklein Landes eine Saat, daraus wuchsen auf zwei Schwerter, zwei Pudelhunde und zwei Schimmel. Als seine Söhne nun funfzehn Jahre alt waren, gab er jedem eins von den Schwertern, einen von den Pudelhunden und einen von den Schimmeln, und damit zogen sie in die weite Welt. Wie sie an den Kreuzweg kamen, nahmen sie Abschied und verabredeten, daß sie einander durch die Hunde Nachricht geben wollten. Wer zuerst sein Glück in einer Stadt machte, solle seinen Hund an diesen Kreuzweg bringen, dann werde der schon aufspüren, wo der andere Bruder sei. Nun kommt aber der Pechvogel in ein Wirthshaus, wo die Wirthin eine Hexe ist; die erwürgt ihn, schneidet seinen Leib entzwei und steckt ihn in einen Tubben. Dann erwürgt sie auch seinen Hund, wiewol der den Namen hatte: Brichstahlundeisen, schneidet ihn auch auseinander und steckt ihn auch in den Tubben.</p>
     <ab>
      <ed:atu h300aHD="h300 a: HD Der HD aus dem Typ 303 Die zwei Brüder"/>
      <ed:atu h300bOB="h300 b: OB Königstochter"/>
      <ed:atu h300cAN="h300 c: AN Der Drache"/>
      <ed:atu h300eHF="h300 e: HF Der HF aus dem Typ 303 Die zwei Brüder"/>
      <ed:atu h300gFH="h300 g: FH Der Diener"/>
      <ed:atu h300hHO="h300 h: HO Der König"/>
      <ed:atu h300jVB="h300 j: VB Der Wirt"/>
      <ed:atu m300a="m300 an: Episode von 303 Die zwei Brüder"/>
      <ed:atu m300b="m300 bg: Der HD gelangt in eine in tiefer Trauer lebende Stadt"/>
      <ed:atu m300b="m300 bn: Der HD wird vom VB über die Not informiert"/>
      <ed:atu m300c="m300 cg: Der AN lässt die Bewohner der Stadt ihm Tribut zu entrichten"/>
      <ed:atu m300c="m300 cn: Das OB soll dem AN geopfert werden"/>
      <ed:atu m300d="m300 dg: Der HD geht zum Ort wo das OB geopfert werden soll"/>
      <ed:atu m300e="m300 eg: Der HD tötet den AN"/>
      <ed:atu m300e="m300 eg: Bei dem Kampf hilft dem HD der HF"/>
      <ed:atu m300e="m300 en: Der HD behält die unauffällige Körperteile des erlegten AN"/>
      <ed:atu m300e="m300 en: Das OB markiert den siegreiche HD bzw. seinen HF"/>
      <ed:atu m300e="m300 ep: Bereitschaft zur Eheschließung zwischen HD und dem OB"/>
      <ed:atu m300e="m300 er: Der HD will bevor er heiratet seinen Wunsch erfüllen, Reise bzw. Auftrag beenden"/>
      <ed:atu m300f="m300 fd: Unter dem Druck zwingt der FH das OB ihn als Befreier auszugeben"/>
      <ed:atu m300f="m300 fe: Der FH gibt sich als Befreier aus und verlangt die Hand des OB"/>
      <ed:atu m300f="m300 ff: Das OB schiebt den Hochzeit wie möglich auf"/>
      <ed:atu m300f="m300 fn: Episode zu 303 Die zwei Brüder"/>
     </ab>
     <p> Der Glücksvogel kommt in eine Stadt, die Stadt ist ganz mit schwarzem Flor überzogen. An diesem Tage holt nämlich ein Drache eine Prinzessin ab, weil er jedes Jahr an diesem Tage ein Mädchen von funfzehn Jahren wegholen muß und weil diesmal kein Mädchen von funfzehn Jahren da ist, als die Prinzessin. Er beschließt die Prinzessin zu retten und mit dem Drachen zu kämpfen. Er geht also auf den Drachenberg. Ein Diener des Königs führt die Prinzessin dahin. Wie der Drache die Prinzessin sieht, kommt er plötzlich aus der Luft geschossen. Der Glücksvogel haut <pb n="20" xml:id="tg11.2.2.1"/> muthig auf den Drachen los, sein kluger Hund, der den Namen hatte Bringspeise, und sein treues Pferd helfen ihm dabei. So kriegt er den Drachen mit sieben Köpfen nieder und schneidet aus den sieben Köpfen die Zungen heraus. Die Prinzessin aber gibt ihm einen Ring und ein Tuch, worin ihr Name steht. Sie will ihn sogleich mit aufs Schloß nehmen, er aber gedenkt seines Bruders, und reitet mit seinem treuen Hunde Bringspeise zuerst nach dem Kreuzwege zu. Der Diener, welcher die Prinzessin bis vor den Berg in der Kutsche begleitet hat, hält noch dort. Da er nun den Abschied der Prinzessin von dem Ritter gehört hat, droht er ihr unterwegs, sie zu tödten, wenn sie nicht sagen wolle, daß er sie erlöst habe. Aus Angst schwört sie ihm endlich dies zu; er nimmt sieben Hunde und schneidet ihnen die Zungen aus, um sie dem Könige als die Zungen des Drachen vorzulegen. Das geschieht, der König aber ist hocherfreut und verspricht dem Diener die Krone. Bald danach wird die Verlobung der Prinzessin gehalten. </p>
     <ab>
      <ed:atu m303c="m303 cc: Episode von 300 Der Drachentöter"/>
      <ed:atu m303d="m303 du: Der Retter besiegt den AN/RC"/>
      <ed:atu m303d="m303 dw: Der Retter lässt den Bruder vom AN/RC wiederbeleben"/>
      <ed:atu m303d="m303 dx: Die Wiederbelebung erfolgt durch das ZM"/>
      <ed:atu m303d="m303 dz: Episode zu 300 Der Drachentöter"/>
     </ab>
     <p> Der edle Ritter ist aber nun auf den Kreuzweg gekommen, von dort verfolgt der treue Hund die Spur in ein Wirthshaus und der Ritter folgt ihm auf seinem Pferde dahin. Dort winselt sein Hund, und wie er sein Pferd in den Stall zieht, da meckert es ordentlich vor Freude und daraus merkt er, daß seines Bruders Pferd daneben im Stalle steht.</p>
     <p rend="zenoPLm4n0" xml:id="tg11.2.3">Nun fragt er die alte Frau in dem Wirthshause hin und her, erhält aber keine Nachricht von seinem Bruder. Endlich legt er sich nieder in tiefen Gedanken, weil er in dem Wirthshause Niemand weiter gesehen hat als diese alte Frau. Wie es gegen elf Uhr Abends ist, wird der Hund Bringspeise unruhig; er springt auf und ergreift den Degen, tritt an die Thür und hört die Wirthin sprechen: "Ein Herr liegt hier auf der Stube, dem wollen wir an den Kragen." So kommen zwölf Hexen, worunter die Wirthin, zur Thür <pb n="21" xml:id="tg11.2.3.1"/> herein und er haut elf davon nieder. Die Wirthin aber will entlaufen, doch greift er sie in der Thür und sagt: sie müsse sterben, wenn sie seinen Bruder nicht herbeischaffe. Die alte Hexe verspricht ihn herbeizuschaffen, holt den Tubben und nimmt daraus ein Stück nach dem andern von seinem Bruder, bestreicht die Stücken mit Hexensalbe aus dem Glase und hext den Pechvogel wieder zusammen. Darauf nimmt sie aus der Tonne zuerst die Schnauze, dann die andern Theile des Hundes Brichstahlundeisen, hext die auch wieder zusammen, und der Hund Brichstahlundeisen springt freudig heulend an dem neuerstandenen Pechvogel in die Höhe. Nun schwingen sich beide Brüder auf die Pferde, da ruft die alte Hexe den Glücksvogel, gerührt, daß er ihr allein das Leben geschenkt hat, noch einmal um, gibt ihm noch etwas von der Salbe und sagt: Man könne nicht wissen, was dem Pechvogel noch einmal geschähe; wenn Holland in Noth sei bei ihm, dann solle er ihn nur mit der Hexensalbe bestreichen. Sie bat sich zur Belohnung nur ein paar Haare von seinem Pudelhunde Bringspeise aus.</p>
     <ab>
      <ed:atu m300g="m300 ga: Episode von 303 Die zwei Brüder"/>
      <ed:atu m300g="m300 gb: Der HD erkundigt sich beim VB über die Hochzeit"/>
      <ed:atu m300g="m300 gg: Der HD sendet seinen HF zum HO bzw. OB"/>
      <ed:atu m300g="m300 gh: Der HD wird zum Hochzeit eingeladen"/>
      <ed:atu m300g="m300 gk: Das OB erzählt die Wahrheit"/>
      <ed:atu m300g="m300 gn: Der echte HD bzw. sein HF wird durch die zuvor unternommene Markierung belegt"/>
      <ed:atu m300h="m300 hg: Der HD heiratet das OB"/>
      <ed:atu m300h="m300 hu: Episode zu 303 Die zwei Brüder"/>
     </ab>
     <p rend="zenoPLm4n0" xml:id="tg11.2.4">So zieht der Glücksvogel mit dem Pechvogel einmüthig in die Stadt des Königs, da aber ist Alles fröhlich. Da fragt der Ritter, warum Alles so fröhlich sei, und bekommt die Antwort: die Königstochter habe Hochzeit. Nun macht der Ritter mit dem Wirthe eine Wette, daß er etwas von der Königstafel erhalten werde durch seinen Hund. Er bindet dem Hunde Bringspeise das Tuch, das er von der Prinzessin erhalten hat, um, steckt ein Briefchen hinein und befiehlt dem Hunde, sich von Niemandem anders als von der Prinzessin das Tuch abbinden zu lassen. Der Hund wird einige Mal von den Soldaten zurückgetrieben, schleicht sich aber endlich durch und gelangt in das Hochzeitszimmer. Er kriecht unter den Tisch zu der Prinzessin Füßen und zerrt an ihrem Gewande. Die Prinzessin liest den Brief, thut nach dem Verlangen <pb n="22" xml:id="tg11.2.4.1"/> ihres wahren Erlösers eine von den Schüsseln, die auf der Königstafel standen, in das Tuch und damit kehrt der Hund in den Gasthof zurück. Der König, welcher sah, wie seine Tochter dem Hunde die Speise übergab, hieß seinen treuesten Diener ihm nachfolgen. Der fand den Glücksvogel im Wirthshause, wie er eben mit seinem Bruder sich an den Tisch setzte, um die Speise von Königs-Tafel zu verzehren. Da erfuhr der treue Diener des Königs von dem Glücksvogel Alles und sah auch die sieben rechten Drachenzungen. Nun ward der Glücksvogel mit seinem Bruder in der Kutsche nach dem Königshofe gebracht, die Prinzessin bekannte, daß er ihr wahrer Erlöser sei, und er mußte über den falschen Erlöser das Urtheil sprechen. Der ward in eine mit Nägeln beschlagene Tonne gesteckt und die Tonne wurde den Berg heruntergerollt.</p>
     <p rend="zenoPLm4n0" xml:id="tg11.2.5">Der Glücksvogel freite jetzt die Prinzessin und der Alte erkannte ihn als König an.</p>
     <ab>
      <ed:atu m303e="m303 ed: Der gerettete HD wird eifersüchtig"/>
      <ed:atu m303e="m303 ef: Der eifersüchtige HD tötet seinen Retter"/>
      <ed:atu m303e="m303 el: Der eifersüchtige HD erkennt die Unschuld seines Bruders"/>
      <ed:atu m303e="m303 ep: Der gerettete HD belebt seinen Retter wieder"/>
     </ab>
     <p rend="zenoPLm4n0" xml:id="tg11.2.6">Nun aber hört, was sich mit dem Pechvogel noch begeben hat. Der Glücksvogel ging, seit er König war, wie andere Könige auch thun, tagtäglich auf die Jagd, um sein Leben zu genießen; der Pechvogel aber saß unterdessen zu Hause im Palaste bei der schönen Königin. Da kamen dem Glücksvogel auf der Jagd einmal Gedanken, was wol der Pechvogel daheim immer bei seiner Frau zu thun habe. Ein König ist auch nur ein Mensch, und darum achtete der Glücksvogel des schönen Hirsches nicht, der sich eben auf Schußweite ihm näherte, sondern ritt heim zu seiner Frau, und da fand er den Pechvogel, wie er vor ihr saß und sie anschaute. Da wurde er eifersüchtig und in der Eifersucht fühlte er sich so recht als König, zog sein Schwert und hieb den Pechvogel in Stücken.</p>
     <p rend="zenoPLm4n0" xml:id="tg11.2.7">Nun betheuerte aber die Königin ihrem Gemahl ihre und seines Bruders Unschuld. Niemals habe dieser Ungebührliches <pb n="23" xml:id="tg11.2.7.1"/> von ihr verlangt. Nur einmal, wie er sie auch wieder so angeschaut, habe er sie um einen Kuß gebeten und den habe sie ihm nicht gegeben.</p>
     <p rend="zenoPLm4n0" xml:id="tg11.2.8">Da gereute es den König was er gethan, und er erinnerte sich der Hexensalbe, welche die Alte ihm auf den Weg gegeben hatte. Damit bestrich er den Pechvogel, sodaß dieser abermals lebendig wurde. Und wenn sie noch nicht gestorben sind, so jagt der König heute noch nach dem Hirsche, und der Pechvogel sitzt heute noch bei der Königin.</p>
    </div>
   </div>
  </body>
 </text>
</TEI>