<TEI xmlns="http://www.tei-c.org/ns/1.0" xmlns:xsi="http://www.w3.org/2001/XMLSchema-instance" xmlns:ed="http://www.dglab.uni-jena.de/atu/ns" xsi:schemaLocation="http://www.tei-c.org/ns/1.0 ../XSD/Schema/tei_all.xsd">
 <teiHeader>
  <fileDesc>
   <titleStmt>
    <title>Garsevan. Georgisches Märchen. Annotiert nach dem Jenaer Schema der Märchenannotation</title>
    <author/>
    <respStmt>
     <resp>Annotiert von Elguja Dadunashvili</resp>
     <name/>
    </respStmt>
    <principal> </principal>
   </titleStmt>
   <editionStmt>
    <edition>Testarbeit im Rahmen des Seminars "Theorie und Praxis der vergleichenden Erzählforschung (digitale Erschließung)", Seminarleiter Elguja Dadunashvili <date>WS 2016/17</date></edition>
   </editionStmt>
   <publicationStmt>
    <publisher>Seminar "Theorie und Praxis der vergleichenden Erzählforschung (digitale Erschließung)" Friedrich-Schiller-Universität Jena</publisher>
    <pubPlace>Jena, Thüringen, Deutschland</pubPlace>
    <date>WS 2016/17</date>
    <availability>
     <p>Die im Rahmen des Seminars "Theorie und Praxis der vergleichenden Erzählforschung (digitale Erschließung)" angefertigte Annotation des Textes inklusive Metadaten wird unter der Lizenz CC0 1.0 Universal veröffentlicht. </p>
     <p>
      <ref target="https://creativecommons.org/publicdomain/zero/1.0/legalcode">Lizenzvertrag</ref>
     </p>
    </availability>
   </publicationStmt>
   <sourceDesc>
    <msDesc>
     <msIdentifier>
      <country>Georgien</country>
      <district>Tbilisi</district>
      <institution>Archiv für georgische Volksdichtung</institution>
      <collection>fak2 gv107</collection>
      <idno>329</idno>
     </msIdentifier>
    </msDesc>
   </sourceDesc>
  </fileDesc>
  <profileDesc>
   <textClass>
    <keywords>
     <term>
      <index indexName="ISBN-951-41-0961-9"/>
      <ref target="https://de.wikipedia.org/wiki/Aarne-Thompson-Index"/>
      <ed:atu a514="a514: Frau in Männerkleidung"/>
      <ed:atu a300="a300: Drachentöter"/>
     </term>
    </keywords>
   </textClass>
   <langUsage>
    <language ident="kat">Georgisch<index indexName="iso639-3"/><ref target="http://www-01.sil.org/iso639-3/codes.asp"/></language>
   </langUsage>
   <creation>
    <placeName>
     <country ref="http://www.geonames.org/614540/georgia.html"/>
     <region ref="http://www.geonames.org/865537/kakheti.html"/>
     <district ref="http://www.geonames.org/7667710/sagarejo.html"/>
     <settlement ref="http://www.geonames.org/613071/martqop-i.html"/>
    </placeName>
    <date>1960</date>
   </creation>
   <particDesc>
    <person role="Erzähler">
     <persName>
      <forename>Daro</forename>
      <surname>Akhalkatsishvili</surname>
     </persName>
     <sex value="F">weiblich</sex>
     <age>63</age>
     <birth>
      <date/>
      <placeName>
       <country ref="http://www.geonames.org/614540/georgia.html"/>
       <region ref="http://www.geonames.org/865537/kakheti.html"/>
       <district ref="http://www.geonames.org/7667710/sagarejo.html"/>
       <settlement ref="http://www.geonames.org/613071/martqop-i.html"/>
      </placeName>
     </birth>
     <education/>
     <residence>
      <placeName>
       <country ref="http://www.geonames.org/614540/georgia.html"/>
       <region ref="http://www.geonames.org/865537/kakheti.html"/>
       <district ref="http://www.geonames.org/7667710/sagarejo.html"/>
       <settlement ref="http://www.geonames.org/613071/martqop-i.html"/>
      </placeName>
     </residence>
    </person>
    <person role="Feldforscher">
     <persName>
      <surname>Zindeliani</surname>
      <forename>Ucha</forename>
     </persName>
     <affiliation>Schota-Rustaveli Institut für georgische Literatur</affiliation>
    </person>
   </particDesc>
  </profileDesc>
  <encodingDesc>
   <editorialDecl>
    <stdVals>
     <p>Die Annotation beruht auf dem TEI 5 Annotationsstandard ergänzt durch den Namensraum "http://www1.uni-jena.de/dglab/atu/ns". Der Namensraum basiert auf dem extra für die Annotation der Märchentexte ausgearbeiteten XML-Schena "atu.xsd". Dieses gilt als Instrument für die Annotation der Märchentexte nach dem iternationalen Typenkatalog von Aarne-Thompson-Uther. Autor des XML-Schema Elguja Dadunashvili</p>
    </stdVals>
   </editorialDecl>
   <geoDecl>GeoNames</geoDecl>
  </encodingDesc>
 </teiHeader>
 <text>
  <body>
   <ab>
    <ed:atu h300aHD="h300 a: HD Der HD aus dem Typ 514 Frau in Männerkleidung"/>
    <ed:atu h300bOB="h300 b: OB Königstochter"/>
    <ed:atu h300cAN="h300 c: AN Der Drache"/>
    <ed:atu h300hHO="h300 h: HO Der König"/>
    <ed:atu m300a="m300 an: Episode von 514 Frau in Männerkleidung"/>
    <ed:atu m300b="m300 bn: Der HD wird vom VB über die Not informiert"/>
    <ed:atu m300c="m300 cg: Der AN gibt Wasser nur für den gewissen Preis her"/>
    <ed:atu m300c="m300 cn: Das OB soll dem AN geopfert werden"/>
    <ed:atu m300d="m300 dg: Der HD geht zum Ort wo das OB geopfert werden soll"/>
   </ab>
   <p>Textteil: S. 124 <ref target="/PDF/fak2%20gv107.pdf#page=18"/></p>
   <ab>
    <ed:atu m300d="m300 du: Beim Warten auf den AN schläft der HD ein"/>
    <ed:atu m300d="m300 dv: Der HD wacht durch das fassungslose Verhalten des OB"/>
    <ed:atu m300e="m300 eg: Der HD tötet den AN"/>
    <ed:atu m300e="m300 ev: Der HD bringt das OB zurück zum Elternhaus"/>
   </ab>
   <p>Textteil: S. 125 <ref target="/PDF/fak2%20gv107.pdf#page=19"/></p>
   <ab>
    <ed:atu m300f="m300 fh: Der HO überprüft die Wahrheit der erfreulichen Nachricht"/>
    <ed:atu m300f="m300 fj: Getestet wird durch die durstigen Tiere"/>
    <ed:atu m300h="m300 hu: Episode zu 514 Frau in Männerkleidung"/>
    <ed:atu m300h="m300 hp: Der HD nimmt ein bisschen Wasser als Heilmittel mit"/>
   </ab>
   <p>Textteil: S. 126 <ref target="http://localhost:8080/exist/webdav/db/ATU/Ge_Tbilisi/PDF/fak2%20gv107.pdf#page=20"/></p>
  </body>
 </text>
</TEI>