<TEI xmlns="http://www.tei-c.org/ns/1.0" xmlns:xsi="http://www.w3.org/2001/XMLSchema-instance" xmlns:ed="http://www.dglab.uni-jena.de/atu/ns" xsi:schemaLocation="http://www.tei-c.org/ns/1.0 ../XSD/Schema/tei_all.xsd">
 <teiHeader>
  <fileDesc>
   <titleStmt>
    <title>Ohne Titel. Georgisches Märchen. Annotiert nach dem Jenaer Schema der Märchenannotation</title>
    <author/>
    <respStmt>
     <resp>Annotiert von Elguja Dadunashvili</resp>
     <name/>
    </respStmt>
    <principal> </principal>
   </titleStmt>
   <editionStmt>
    <edition>Testarbeit im Rahmen des Seminars "Theorie und Praxis der vergleichenden Erzählforschung (digitale Erschließung)", Seminarleiter Elguja Dadunashvili <date>WS 2016/17</date></edition>
   </editionStmt>
   <publicationStmt>
    <publisher>Seminar "Theorie und Praxis der vergleichenden Erzählforschung (digitale Erschließung)" Friedrich-Schiller-Universität Jena</publisher>
    <pubPlace>Jena, Thüringen, Deutschland</pubPlace>
    <date>WS 2016/17</date>
    <availability>
     <p>Die im Rahmen des Seminars "Theorie und Praxis der vergleichenden Erzählforschung (digitale Erschließung)" angefertigte Annotation des Textes inklusive Metadaten wird unter der Lizenz CC0 1.0 Universal veröffentlicht. </p>
     <p>
      <ref target="https://creativecommons.org/publicdomain/zero/1.0/legalcode">Lizenzvertrag</ref>
     </p>
    </availability>
   </publicationStmt>
   <sourceDesc>
    <msDesc>
     <msIdentifier>
      <country>Georgien</country>
      <district>Batumi</district>
      <institution>Archiv für Volksdichtung Berdzenishvili-Institut Batumi</institution>
      <collection>bskifa 12, 91-106</collection>
      <idno>22262</idno>
     </msIdentifier>
    </msDesc>
   </sourceDesc>
  </fileDesc>
  <profileDesc>
   <textClass>
    <keywords>
     <term>
      <index indexName="ISBN-951-41-0961-9"/>
      <ed:atu a590="a590: Die treulose Mutter"/>
      <ed:atu a300="a300: Drachentöter"/>
      <ed:atu a303="a303: Die zwei Bruder"/>
     </term>
    </keywords>
   </textClass>
   <langUsage>
    <language ident="kat">Georgian<index indexName="iso639-3"/><ref target="http://www-01.sil.org/iso639-3/codes.asp"/></language>
   </langUsage>
   <creation>
    <placeName>
     <country ref="http://www.geonames.org/614540/georgia.html"/>
     <region>Ajara</region>
     <district>Khulo</district>
     <settlement>Mekeidzeebi</settlement>
    </placeName>
    <date>10.10.1958</date>
   </creation>
   <particDesc>
    <person role="Erzähler">
     <persName>
      <forename>Akhmed</forename>
      <surname>Vanadze</surname>
     </persName>
     <sex value="M">mänlich</sex>
     <age>49</age>
     <birth>
      <date/>
      <placeName>
       <country ref="http://www.geonames.org/614540/georgia.html"/>
       <region>Ajara</region>
       <district>Khulo</district>
       <settlement>Mekeidzeebi</settlement>
      </placeName>
     </birth>
     <education>Mittelschule</education>
     <residence>
      <placeName>
       <country ref="http://www.geonames.org/614540/georgia.html"/>
       <region>Ajara</region>
       <district>Khulo</district>
       <settlement>Mekeidzeebi</settlement>
      </placeName>
     </residence>
    </person>
    <person role="Feldforscher">
     <persName>
      <surname>Noghaideli</surname>
      <forename>Jemal</forename>
     </persName>
     <affiliation>Berdzenishvili-Institut Batumi</affiliation>
    </person>
   </particDesc>
  </profileDesc>
  <encodingDesc>
   <editorialDecl>
    <stdVals>
     <p>Die Annotation beruht auf dem TEI 5 Annotationsstandard ergänzt durch den Namensraum "http://www1.uni-jena.de/dglab/atu/ns". Der Namensraum basiert auf dem extra für die Annotation der Märchentexte ausgearbeiteten XML-Schena "atu.xsd". Dieses gilt als Instrument für die Annotation der Märchentexte nach dem iternationalen Typenkatalog von Aarne-Thompson-Uther. Autor des XML-Schema Elguja Dadunashvili</p>
    </stdVals>
   </editorialDecl>
   <geoDecl>GeoNames</geoDecl>
  </encodingDesc>
 </teiHeader>
 <text>
  <front>
   <p> შიფრი: ბსკიფა 12, 91-106 მთქმელი: ვანაძე ახმედ ყადირის ძე, ასაკი: 49 წლის საცხოვრებელი ადგილი: ხულოს რაიონი, სოფ. მეკეიძეები ჩაწერის ადგილი: ხულოს რაიონი, სოფ. მეკეიძეები ჩამწერი: ნოღაიდელი ჯემალ ჩაწერის თარიღი: 04. 10. 1958 ღორჯომის სასოფლო საბჭოს, სოფელ მეკეიძეების მცხოვრები, ახმედ ყადირის ძე, ვანაძე, 49 წლის, წერა _ კითხვის მცირე მცოდნე, ბათუმსა და თბილისში ნამყოფია, მშობლები არ ჰყავს, ცოლშვილიანი, შვილი აღარ ჰყავს, მარტო ქართული იცის. </p>
  </front>
  <body>
   <p> ერთი ადამიანი ყოფილა ეთიმი, უდედმამო, მაგას შეხთენია ერთი ქალი. შეეკითხა ამ ქალს; "შენ ვინ ხარ, რა ხარ, სადაური ხარო?" "მე ვარ, სიტყვაზე, ვინ იცის სადაური ვარო, მე ობოლი ვარო", ქალმა უპასუხა. "მო, შენც ეთიმი, მეც ეთიმი, შენ მეუღლეთ გამომყევიო", ამ კაცმა შიელაპარაკა ქალს. ამ ქალმა უთხრა ამ კაცს, რომე "შენც ეთიმი, მეც ეთიმი, ჩვენ ვერ გევხარებთ მო, დამანებე თავიო". -ამ კაცმა უთხრა: "უსიკტილოთ ვერ მოგშორდები და შენ უნდა გამყვე თანაო." </p>
   <p> ეს შეირთო ცოლათ, ეს ქალი. ეწრის ღოხი ქონია ამ კაცს და იქ წუუყვანია ქალი, მუუყვანია და ერთ წელიწადს მემრე ესი ქალი დარჩენილა ფეხძიმეთ. ხუთი თვის ფეხმძიმეთ რომ გახტა, ეს კაცი ფიშმანობს; რა მივართვა ამ ქალსაო, ამ ხანში გამოვდა ორთვენახევარი, ამ ფიქრებში. ეს კაცი წევდა თოჯარუთათ (მათხოვარი), რაცხანდა მოკრიფოს და მუუტანოს ქალს, რაცხა ქალი დალოგინდება. ეს კაცი წევდა და დეიკარქა, აღარსათ აღარ გამოჩენილა, ამ ქალმა ერთი თვე რომ შეთავდა, ის კაცი წასული რომ არი, სიზმარი ნახა, რომ ეს კაცი ცოცხალი აღარ არი. მაგ ქალს რომ მუცელი ატკივდა, იმ დროზე ბებიას დუუძახა. მაგას უპასუხა, რომე "ჩემ ქმარსა ქვიოდა ახმედა, რომ დეიბადება, ჩემი ქამრი ცოცხალი თუკია, ბიჭი რომ დეიბადება, მაშინ ქვია უსუფი, მამის მოსლამდი კი ქვია ახმედი. თუ არ მოვდა და ზათი ახმედი ქვია." დეიბადა ბიჭი. ეს ბიჭი ორი წლისა შესრულდა. ოცი წლისა გეგონებოდა. მაშინ ეს ბიჭი ასწია და მისცა სკოლაზე. მათებურ სკოლაზე და ასწვლის. რუმ გევდა ორი წელიწადი და შესრულდა ეს ბიჭი ოთხი წლისა, ხენწიფის შვილია და ამ ხენწიფის შვილმა ამ ეთიმს ეჭედა. ხენწიფის შვილი არის ხუთმეტი წლისა, ეს ბავშვი არის ოთხი წლისა, რუმ მოჰკიდა ამ ეთიმმა ხელი, ძვალი, ბილი ერთი უქცია. წევდა ტირილით ამ ბავშვმა სახში, მივდა სახში თავის დედასთან, უთხრა: "ასე დამმართაო" და თან ტირის. "ეგ, უმამო, ეგ ბუში, რა ყოფილაო!" თქვა ხენწიფის ცოლმა. მეორე დღეს რომ მივიდა შკოლაზე ამ ეთიმმა, ამ ხენწიფის შვილმა უთხრა: "შენ უმამოვ, ბუშო, აქ რატუმ მოხველიო?" ეთიმმა ხენწიფის შვილს არაფერი არ უთხრა, გამოშპა და გეიქცა სახში. მივდა თავის დედასთან. "დედავ, მომენატრა შენი ძუძუები, გამეიღე ერთინა მევსაყვარლოვო." "შვილო, ოთხი წლისა შემსრულდი და მეხუთეში გადადექი, სამი წელიწადია ძუძუ არ მოგითხოვია, ვოცდა ათი წლის ვაჟკაცს გავხარ, რამ შეგშალა ჭკვაზე?" "დედავ, ჩემ სახელს თუ იკითხავ, მე მქვია ახმედ ფეხღვანი, ძუძუები მომენატრა დედავ, გამეიღე უნდა უკანასკნლათ მევსიყვარულოვო." დედამ გამუღო ძუძუ. მივდა და საყვარლობა დუუწყო ძუძუს დუბარაით, არ ახტენს დედას. დეიჩარა პირში ეს ძუძუ. "შვილო, რა იჯები, ძუძუნა მოკნიტოვო?" დედა ჰკითხავს. "მე ვისი შვილი ვარ, მიპასუხე, თუ არ უნდა მიპასუხე, სულს აგართვამ, ძუძუს მოკნეტა რანა იყოს!" დედამ უთხრა: "შვილო, გუუშვი ძუძუს პირი, რომ უნდა გიპასუხო." ბიჭმა არ გუუშვა პირი ძუძუზე, "არ გენდობიო." "ოდნავ უშვინტილე, ცოტა სული მევთქვა, და ყველამფერს გიპასუხეფო. მე უმე გოგო, ქალიშვილი ვიყავი", _ უპასუხა დედამ, "მე ვიყავი ობოლი, ეთიმი, გზაზე დამხტა ერთი კაცი. მაგან მიპასუხა, რომ ვინ ხარ და ჰადაური ხარო? მევარ ობოლი ეთიმი, ამ კაცმა მიპასუხა, რომ შენც ეთიმი, უნდა გამომყვე ცოლათო. შენც ეთიმი, მეც ეთიმი, ჩვენ ვერ გევხარებთ და მო დამანებე თავიო, უპასუხე მე. მან მითხრა უსიკტილოთ არ მოგშორდები, უნდა გამომყვე ცოლათო, არ მომშორდა და გავჰყე მეუღლეთაო. ერთ წელიწად მემრე დავრჩი ფეხმძიმეთაო. შვიდი თვის ნახევრის ფეხმძიმეთ რომ ვიყავი, წევდა ჩემმა კაცმა მოსახეკათ, რომ ჩემთვის რამე მოეტანაო. ერთი თვე რომ შეთავდა, ჩემი ქმარი რომ წასული იყო, სიზმარი ვნახე, რომ ჩემი ქმარი არ იყო ცოცხალი, იმას შემდეგ მუცელი რომ ამტკივდა, მევყვანე ბებია ქალი. მე ვთქვიო; ეს ჩემი ქამრი ცოცხალი თუა, ამ ბავშვს ქვია უსუფიო, თუ ცოცხალი არაა, ამ ბავშვს ქვია მამის სახელი ახმედიო. ახლა შენ გეÁზარდე და სახელი დეირქვი _ ახმედფეხლვანიო." "დედავ, ახლა მიპასუხე, ჩემი მამა ჰითკენ წევდა?" "შენი მამა. შვილო, წევდა თავაღმა, შავ ტყისკენ. შავ ტყეში რომ შევდა, დევნახე, იმას მერე არ ვიციო." ამ ბავშვმა უთხრა, რუმე "რამე ხანჯალი თუ ჰქონდაო ჩემ მამას?" "შვილო, შენ მამას რომ ხმალი ჰქონდა, ისეთი ხმალი არვის არ ჰქონდაო." "სად არის დედავ, ის ხმალი, სად წეÁღოვო?" "ეგ მაქ შენახული ზანდუღში, მამის მაგიურა ჰქონდეს მის შვილსაო." დედამ არაფერი არ იცის, ხენწიფის შვილმა თუ ამას რამე უთხრა. "დედავ, ერთი მემე ჩემი მამის ხმალი." დედამ რომ მისცა ხმალი, იმ დროზე შვილმა დედას თვალის კაკლები ამოჰოცნა, "ნანდვილ დედა ყოფილხარ შენ ჩემი. დედავ, ჩემ მამას რომ ცხენი ყავდა, ის ცხენი არის ცოცხალი თუ არა: სად იქნება დედაო?" "ეგ ცხენი არის შვილო, ჩემ დეიდაშვილთან, შენ გახდომამდე, იმას ავაბარეო." "დედა, უნდა მომიყვანო ის ცხენი ახლაო." "დედა, არ შიმიძლია მე იმ ცხენის მოყვანა, წავყვები, ამა თუთხმეტ დღეს მე და შენ ვერ მივაწევთ იქანა, არ შიმიძლია, ცქვიტი სიარული", უპასუხა დედამ. "ჰა დე, დედავ, მე ზურგზე შეგისვამ და წაგიყვანო," უთხრა დედას შვილმა და ამუკოცნა ლოყები, "შენ ნანდვილი დედა ყოფილხარ ჩემიო." ეს დედა შამე დო ფხარზე, გაწია და წევდა, დედას უთხრა: "დედავ, შენ მარტო გზა მასწავლეო", გზა ასწავლა დედამ. დედის ერთათ მიადგა ამ ოჯახს სამ საათის განმავლობაში. დედამ მიახარა მის დეიდაშვილს, რომ "მე ამფერი ბიჭი შემეძინა, რომი თუთხმეტი დღის სავალ სამ საათში გამეიარა". ამ დეიდაშვილმა ამ ქალსაც ჩაუბარა მისი ქმარის ცხენი. მოაჟდება ეს ბიჭი ამ ცხენს, დეიჟდუმლებს წინ დედას ეს ბიჭი და წამეიყვანს სახში. ერთ საათის განმავლობაში მოვლენ სახში. დედას თვალებს ჰკოცნის, დედა ეუბნება: "საჭმელი ჭამეო", მარა შვილს ეჩქარება, სამი დღის უჭმელი, მარა მაინც ჩქარობს. "უსიკტილოთ ვერ გიგიშებ შვილს უჭმელი, სად მიდიხარ არ ვიცი და ისიც უნდა მითხრაო". დედას თვალებს კოცნის და ებნევა: "დედა, მე საჭმელი არ მინდაო". "სად მიდიხარო შვილოვო", ელაპარაკება დედა. "დედა, საითკენაც ჩემი მამა წევდა, მეც იმ მხარეზენდა წევდეო." "შვილო, როგორ გითხრა ახლა, რომ არ წახვიდეო." დედა შვილს საყვარლობს და ძუძუებზე იხუტებს. "მე მივდივარ დედა, ღმერთის დახმარებით, ჩემი მამა მისთვინა თუ მოკტა, ვინცხამ თუ ნახა, იმას დიდი მადლობა უნდა გამუცხადო თუ ვინმემ მოკლა ჩემი მამა, ჩემი მამა კტარია, არნა ვთქვა და უნდა გავაცოცხლოვო." დედამ ტირილი დეიწყო და უშვა შველს ხელი. "ჩემი ეთიმო თავო, სიკტილამდი მაინც ვერ უნდა გევხაროვო." "დედავ, შენ ჩემს ხელში გუუხარული აფერი არ გჭირს, ღმერთის დახმარებით, საღლამი მუალ სახში." </p>
   <p> წევდა ეს ბიჭი. ამ ბიჭმა ამ შავ ტყეში შევდა. წევდა ერთ ალიგს და რუმ ღამდებოდა, ორი საათია საღამომდი, დიდი შენობას შარედან მიადგა. იფიქრა, ამ შენობაში მოალ და გევგეფ, ჩემი მამა აქ მისული ან გავლილი იქნებაო. მივდა იქ, დახტება ერთი კოჭლი დივი. ეუბნება ეს დივი: "შენ ფერი კაცი იყო, შუახნის კაცი აქა კი მოვდა, ამა მე მყავს ვოზდაცხრამეტი ძმა, მევორმოცე მე ვარ, ქვაბშიც კი მოვხარშე და დავახვედრე ჩემ ძმიებს." მოჰკიდა ამ ბიჭ ხელი, რუმ ასწია ბიჭმა და რუმ დაჰკრა ძირში, მიწაზე ორი მეტრო ქვეშ ჩააშპუნა, იმფერი ფეივანი არის ეს ბიჭი რუმე სამი ტანა ქვა ასწია, მიიტანა და დაამხო ზედან. გევდა იქით, ფიიქა (დასასვენებელი) ყოფილა. იმ ადაგზე რომ გევდა, დიდი ყუ ყოფილა. გევდა და დაჟადა ე ბიჭი იმ ალაგზე. სამი წვერი გზა ყოფილა დანიშნული მის ძმიებს შორის და მის შორის. იმ ალაგზე მიეგებება ეს კოჭლი დივი და ძმიებს მიახარებს, არმე სიხარული თუა, თუ არაფერი არაა, მაშინ მიეგებება და ეტყვის ძმიებს; "მარტო შაჭამადი გიგიჰაზირე, სხვა არაფერი არ მოსულა, არაფერს არ გუმლიაო". იმ სამ წვერ გზაზე მოადგენ მისი ვოზდაცხრამეტი ძმა ერთ ქამეთს უპასუხებს, რომ "ეს ჩვენ კოჭლი ძმა არ მეგვეგება გზაზე, რაცხა საქმე არის." ახლა უმფროსმა ძმამ მე ფიქრა: "ყველაის ერთათ მისლა არ შეიძლება და გავამგზავროთ ხუთი ძამო," გაამგზავრეს ამათ ხუთი ძმა უნცროსი ძმები. მივდენ ამ ძმიებმა, რუმ ეს კაცი ფეიქაზე ჟდას. "რა იჯები შენ მაქაო, ჩვენ ძმა სადაო?" დივებმა უთხრეს "ჰიდან ჩიგვივარდი შენ ყისმეთიო?" ამ ბიჭმა უპასუხა: "სოლევი (გაჩუმდი) რომ თქვენი ძმა და ჩემი ამხანაგები ლაპარაკობენ და უსმენო." "სად არიან ჩვენი ძმა და თქვენი ამხანაგები," დამოზავდენ. წეჲხედეს აქ, ეჲღო ხამლი და ამათ ხუთნივეს თავები მოშჭრა და ჩაყარა ყუიში. უცადეს დანარჩენმა ძმებმა და აღარ მივდენ აგინმა. გამოსწიეს და ცხრა ძმა გამოგზავნეს, მივდენ, რუმე ეს კაცი ფეიქაზე ჟდას, უთხრეს, რუმე "რაიჯები კაცო, ჩვენი ძმები სად არიანო?" "როგორც წყლის პლანზენა შვენ, ნა გააქრიან ეს კაცი, კი არა შეჭმა, წუუყურეთ კაცო, თქვენი ძმიები და ჩემი ამხანაგÁები ლაპარაკობენდა ყურს უგდებო." მასობაში გევდა ორი საათი ღამე და დივები ვერაფერს ვერ ხედვენ, მივდენ და წეჲხედეს აქ. ცხრანივეს ერთპირათ ხმლით დაშჭრა თავები. მუუყურეს იმათ და გაგზავნილი თოთხმეტი ძმა არ დაბრუნდენ უკან და არსად არ ჩამა (ჩანა). ადგენ და ათმა ძმამ წევდენ. მივდენ და როგორც იმ ათ უყო, იმ პლანზე დუუბარა გუუკეთა და მოშჭრა ათნივეს თავი. დარჩენიღა ხუთმეტი ძმა. წევდენ თუთხმეტი ძმა. მივლიან ამ ბიჭთაე. როგორც მიორენებს დამართნა, ამ ხუთმეტსაც ისე დამართნა და დაშჭრა თავები. რვა თვალი კონალი არის ეს ნაშენი, ერთ ოთახში მოადგა, ადამიანის ხაპერია, მეორე ოთახში მიადგა, არის სამსე ადამიანის ფეხი, მესამე ოთახში არის ადამიანის ძუალი, ხორცი მოხარშული და შუჭმული და ძვალი გამოღებული და შეყრილი. მეოთხე ოთახი გააღო. მაგაში არის ფართალი გამოპეჭილი. მეხუთე ოთხი რომ გააღო, არის ადამიანის საწოლი ლოგინია გამოპეჭილი. მეექვსე ოთახი გააღო. შიგნით არის გამოპეჭილი ხორბალი და სიმინდი, მეშვიდე ოთახი რომ გაიღო, მაგაში არი ოქრო გამოპეჭილი, მერვე ყონალი არი მათი სადგომი, ორმოცი ძმისა. ბოსელი რომ მე არა, ოთხმოცი ცალი დახტა გამწევო ძალა. მევორე ბოსელში რომ გედევიდა, დახტა იქ ას ჩვიდმეტი საწველავი ძროხა. მესამეში დახტა მაგათი ნამრავლი საქონელი. სიხარული გონე ამ ბიჭმა ვეღარ მე კითხა, ეს კოჭლი დივი ცოცხალია თუ კტარია. დაბრუნდა და წევდა ოთახში დედასთან. მივდა დედას მიახარა. "დედავ, ასე იყო და ასეც გავაკეთე. ერთი სიტყვით ჩემი მამა მკტარია, მარა კტარი აღარ მგონია, ძალიან ღარიბათ გამომზარდე და ჩემ მამასთანაც იყავ ღარიბათ. მარა ახლა ქონებაში უნდა მიგიყვანო და ახლა ერთი ბოლა შამობრუნდი და ქონებაში ხელი ურიეო." წეჲყვანა და მიიყვანა თავის დედა იმ ოჯახში. დეჲწყო ცხოვრება ამ ფეხლივანი ახმედმა, ეს ფელევანი ახმედი იარება სანადიროთ, მასობაში ეს კოჭლი დივი ცოცხალი არის. ა კოჭლი დივი დედამისს მიელაპარიკება, რომ "შენ რუმ ქალი ხარ, ცოდვა ხარ, დიდი მუშაობა გაქო, ამუალ და მეგემსახურებიო". "ვერ ამოგიშვეფ ჩემ ფეხლევანდის ახმედის მოსლამდინო." ეხვეწა კოჭლმა დივმა და ევდა ზედან. როგორ ევდა ჰალა. მაგის ქონია ბაღნის ხოშარი თოკი. ჩამუამბევია ზეჲთ თოკი, ჩამუშვი ახლა ეს თოკვი, ალიგი გუუკეთა. მეჲბა წელზე ამ კოჭლმა დივმა და ამოვდა ზედან. ახმედი ფელევანის უჩუმარა ეს ახმედის დედა შეჲრთო ცოლათ, ახმედმა არაფერი არ იცის, რა სილამაზე ჩავა იქა და დილას ამუა ზედან. ახმედის დედა ხელს უწყობს დივსა. მასობა ხანში ახმედის დედა გახდება ფეხმძიმეთ დივიდან. დეეტყობა მუცელი. ეტყვის ამ დივს, რომ "ჩემი ფელევანი ახმედი მომკლავს ახლა, რა დამმართე ესო!" ეტყვის, "რომე მუა შენი ფელივანი ახმედი, უპასუხე: შვილო, რაცხა მუცელზე მბერავს, მაშინ რას გეტყვის, შეიტყე." მუა ფელივანი ახმედი და ეტყვის დედა: "დედავ, აქობამდი ოღრელით (უქონელი) ვიყავით, არაფერი არ გვბადოდა, ახლა გვაქ და ვერ ეჲტანე შაჭმელი. რომ შეჲრგებ შაჭმელს, ბოლოხან დაგიცხრება მუცელი." დედამ მე საყვარლა იმ დროზე შვილი დუბარა თ. ადგა დილას, წევდა ამ ბიჭმა სანადიროთ, მასობახანში ამ ქალს ეყოლა შვილი. მაგას დივმა დაათქვა ფელოვან მემედი. თავის ცოლს, ახმედის დედას უთხრა: "ჩვენ ფელივან მემედი გვეყოფა შვილათ და ახმედ ფელოვანი მოვკლათო". ეს ქალი უპასუხებს ამ დივს: "ძირში რომ დაგარტყა, ორმეტრონახევარი მიწაში ჩაგარბენია, იმას შემდექ შენი ვოზდაცხრამეტი ძმიები გეჲსტუმრია, რომელიც შეგნებული ძმები კყავდა. ახალ შენ მაგას რას უზამ; შენაც მოკკლავს, მეც მომკლავს და ჩვენ შვილსაც მოკლავსო." მე ვიქცევი ჩეღკათ (კინათ), მასობაში მემედ ფელოვანი გახტება ორი წლისა, ახმედ ფელოვანსა და მემედ ფელოვანს ერთი მეორეს უყვარან სულზე წინ უყვარან ერთმანეთი. იმათი ნალაპარაკევი მემედ ფელოვანს ესმის. "მე მისი ხმალი არ გამჭრის,- დივი ამბობს,- ავართვამ მას, მოკლავ, ეჲდა მოვშჭრი თავსო." "შენ რა გაქ იმფერი, რომ იმან თავი ვერ მოგჭრასო?" ესმის ესე მემედ ფელოვანს. "მე ჩემი ხმალის მეტნი არაფერი არ მომჭრის თავსაო." დივი ებნევა: "ეჲდა ახმედ ფელოვანს მოვშჭრი თავსაო." ეს დივი ჩალიკათ იქცევა, წავა სამ წვერ გზაზე. ამ ქალს უპასუხებს დივი: "შეჲძლება მე თავი მომჭრას, მი დროზე, ჩემი ერთი ჭაჭვი სისხლი ჩუურთე შეჭამადში და იმათ მოკტებაო და დარჩებით შენ და ბავში." ეს დივი რომ წევდა, თავის დედას დივის ხმალი აართვა მემედ ფელივანმა და წევდა. შეწუხებულია ახმედ ფელოვანი, შეაწუხა დივმა, ჩხუბობენ. მუუსწრა მემედ ფელოვანმა, მისცა ეს დივის ხმალი ახმედ ფელოვანს, მოშჭრა ახმედ ფელოვანმა დივს თავი. ახმედის დედამ დივის ერთი ჭაჭვი სისხლი მიიტანა და ჩუურთო შაჭამადში, უნდა ახმედ ფელოვანი მოკლას. მემედ ფელოვანი ამას არ აჭმევს ახმედ ფელოვანს. "ძმაო, დედამ ჭამოსი და ბოლოხან, შენ ისე ჭამეო." ეტყვის ახმედ ფელოვანი, რომ "ჭამე, ერთი თითი ამოუსვი, ბავში რომ მომჩემებიაო, მეც მშია და მინდა ვჭამოვო." წეჲღო ხელი დედამ. აკრევია დედას ხელი მემედ ფელოვანმა და დედამ გეჲლოკა თავის ხელი. ძმას უთხრა: "ჰა დე, კალიდორში გევდეთ მე და შენო. ბევრ საქმიებიდან გადამარჩინა ამ ბაღვმაო და გაჰყვა გარეთ." დედა გეჲბერა და გასკტა. დარჩენ შვილები, მემედ ფელოვანი და ახმედ ფელოვანი. მემედ ფელივანმა მაშინ ამ ახმედ ფელივანს უთხრა: "თუ მომჭრი შენ კისერს, მენდა დიგიმთავრო, რაც რუმ ვართ მე და შენ. მე ვარ კოჭლი დივის შვილი, დედიდან ძმები ვართ მე დაშენ. მე უმე გავხთი, ორი წლისა რუმ შევსრულდი, მაშინ იმ დროზე კოჭლმა დივმა დედაჩემს უთხრა, რომ ეს ერთი შვილი გვეყოფა ახმედ ფელივანი მოვკლათ, თუ არა არც შენ გაცოცხლებს და არც მეო. დედაჩემმა მაგას უთხრა, რომ თუ მაგან ვოზდაცხრამეტი ძმა შენი მოკლა, შენ რაფერ უნდა დახტე მაგასო. დივმა უთხრა: მე ვიქცევი ფთხილად და მისი ხამლი არ გამჭრისო, ავართვამ მის ხმალს და ისევ მას მოშჭრი თავსო. მეო ჩემი ხამლის მეტნი არაფერი მომჭრის კისერსაო. ეს მე გევგონე. იმ დროზე დედაჩემს, ვიტირე, ავართვი ხმალი და წამოგიღე შენაო. რუმ მუელი შეწუხებული კი ჰყავდი, წაქცევაზე იყავი მისი ხმალი რომ მოგეცი, მაშინ ათველა მოშჭარი შენ მას კისერიო. დედაჩემზე დაბარებული ქონდა, რომ ვინიცობა მე მომკლას, ჩემი ერთი ჭაჭვი სისხლი შაჭამადში ჩუურთე და მოართვი, ეს გაბერავს და გასკდებაო. მე ეს რომ გევგონე შენ იმიტომ არ გაჭამე შაჭამადო. ახლა მე ვარ ასე, დივის შვილი ვარ და თუ გინდა მიძმობილა, თვარა მომჭარი კისერიო." ახმედ ფელივანმა დახატა ამ ბავშს და ამუუკოცნა თვალები, "ჩემ სულზე წინ გიყურეფ შენაო." </p>
   <ab>
    <ed:atu h303aHD="h303 a: HD Die HDen aus dem Typ 590 Die treulose Mutter"/>
    <ed:atu h303bOB="h303 b: OB Derselbe HD"/>
    <ed:atu h303bOB="h303 b: OB Derselbe HD"/>
    <ed:atu h303cAN="h303 c: AN Das Ungeheuer"/>
    <ed:atu h303fZM="h303 f: ZM Die vom Ungeheuervater geerbte Kraft vom Typ 590 Die treulose Mutter"/>
    <ed:atu h303dST="h303 d: ST Derselbe AN"/>
    <ed:atu h303hHO="h303 h: HO Derselbe AN"/>
    <ed:atu h303jVB="h303 j: VB Das OB aus dem Typ 300 Der Drachentöter"/>
    <ed:atu m303a="m303 aa: Episode von 590 Die treulose Mutter"/>
    <ed:atu m303b="m303 bb: Die HDen verlassen das Haus"/>
    <ed:atu m303b="m303 bg: Bei der Trennung wird ein Lebenszeichen gesetzt"/>
    <ed:atu m303b="m303 bx: Episode zu 590 Die treulose Mutter"/>
   </ab>
   <p> ახმედ ფელივანმა უთხრა ახლა მემედ ფელივანსა: "ასე უქალოთ ჩვენ ვერ იქნებით და ცხოვრება ავაწყოთო. მენა წევდე ახლა და ჩვენთვინ ქალებინა მოვძებნო. ილლა შენთვინ თუ არ მოვნახე, ჩემსას ისე არ მოვნახავო," ახმედ ფელივანმა უთხრა. მემედ ფელივანმა უთხრა ახლა: "მე და შენ გავსცვალოთ ბეჭდებიო. რომე რუმ მე მომივდეს ოჯახში, ჩემი ბეჭედი გიგიშავდება ხელზე და მომაშურე ოჯახშიო. თუ მე გამიშავდა, შენ მოგაშურეფო." დიემშვიდობენ ერთმანეთს და ახმედ ფელივანმა წევდა. </p>
   <ab>
    <ed:atu h300aHD="h300 a: HD Der HD aus dem Typ 590 Die treulose Mutter"/>
    <ed:atu h300bOB="h300 b: OB Königstochter"/>
    <ed:atu h300cAN="h300 c: AN Der Drache"/>
    <ed:atu h303fZM="h303 f: ZM Die vom Ungeheuervater geerbte Kraft vom Typ 590 Die treulose Mutter"/>
    <ed:atu h300hHO="h300 h: HO Der König"/>
    <ed:atu h300jVB="h300 j: VB Die alte Gastgeberin"/>
    <ed:atu m300a="m300 an: Episode von 303 Die zwei Brüder"/>
    <ed:atu m300b="m300 bg: Der HD gelangt in ein fremdes Reich bzw. Stadt"/>
    <ed:atu m300b="m300 bn: Der HD siht wie das VB statt Wasser Urin benutzt"/>
    <ed:atu m300c="m300 cg: Der AN gibt Wasser nur für den gewissen Preis her"/>
    <ed:atu m300c="m300 cn: Das OB soll dem AN geopfert werden"/>
    <ed:atu m300c="m300 cp: Der HO habe das OB demjenigen zur Frau versprochen, der den Drachen tödte"/>
    <ed:atu m300d="m300 dg: Der HD geht zum Ort wo das OB geopfert werden soll"/>
    <ed:atu m300e="m300 eg: Der HD tötet den AN"/>
    <ed:atu m300e="m300 eg: Der HD verwendet gegen den AN ein ZM"/>
   </ab>
   <p> მიაწია ერთ ნენესთან ოჯახში. "დედავ, ძალ ან მშიაო," უთხრა. "შვილო, მზათ არ მაქ და გავახაზირეფ და მომიტანო." კეცი დაამხო ამ ნენემ ცეცხლზე, ფქვილი გასცრა, გადააჟდა უნდა ჩააფსას ამ ფქვილში. "დედავ, დედავ, რა იჯებიო?!" მიახტა. "შვილო, აქ ერთი წყაროა მარტო, იმის მეტნი წყარო არ არი ამ ქვეყანაშიო. იქ არი შვიდი თავათ შველეშაპიო. ყველა მოსახლემ მეისირავა (ჯერი) ბავშს მივაგდებთ და მაშინ ავადენთ წყალსაო. ხენწიფეს ერთი გოგო ყავს, დუნია გუზელი, იმაზე არის სირა მისულიო. ხენწიფეს ყველა ქვეყანაში თელლასი (განცხადებული) აქ თელ ტქვეყანაშიო: ვინც ამას გიდიმირჩენს, იმას უნდა მივცე ჩემი დუნია გუზელო." "დედავ, დედავ, არ მინდა, არ ემექნა, მე გავძეხ, არ დააკრაო." მასობაში ეს დუნ ა გუზელი წამეჲყვანეს ქორწილით შველვეშაპთან. ადგება ეს ახმედი ფელივანი და წავა იქა, უმ მიიყვანეს ეს დუნია გუზელი, ძალიან მაგარი სეირი შეჰკრეს, რუმე დუნია გუზელი შეჲშალოსო, ეს დუნია გუზელი იქ რომ წეჲყვანეს, ხენწიფე შვიდი დოღუმი დაიბნიდოს. მასობა ხანში ეს დუნია გუზელი გეჲქნიეს, ახმედ ფელივანმა დეეცა, ჩაარტყა ბეჭებში ხელი და დეჲჭირა ეს დუნია გუზელი. ამ გელვეშაპს გუდუუქნია ხმალი და ერთ დარტყმა მოშჭრა შვიდი თავი. </p>
   <ab>
    <ed:atu m300e="m300 en: Das OB markiert den siegreiche HD bzw. seinen HF"/>
    <ed:atu m300e="m300 ev: Der HD schickt das OB zu ihrer Eltern"/>
    <ed:atu m300f="m300 fl: Der HO lässt die Untertanen dem HD suchen"/>
    <ed:atu m300g="m300 gn: Das OB erkennt den HD"/>
    <ed:atu m300h="m300 hg: Der HD heiratet das OB"/>
    <ed:atu m300h="m300 hu: Episode zu 303 Die zwei Brüder"/>
   </ab>
   <p> ამ დუნია გუზელმა წეჲფარხილა და ამ გველვეშაპის სისხლში ხელი ჰკრა. ეს სისხლიანი ხელი მე წიწვა და ახმედ ფელივან ბეჭებში დაარტყა და ტამლა დაადო. დაბრუნდებიან ეს მექორწილე, დუნია გუზელი რამ გადარჩა. ეს ახმედ ფელივანი დაბრუნდება და მივა ნენეს ოჯახში, მივლიან მოახარებენ ხენწიფეს, რომ "არა მე გადავარჩინე დუნია გუზელი და არა მეო." "მუა ჩემი დუნია გუზელი და ის იტყვის, ვინ გადამარჩინაო." მივდა დუნია გუზელმა. შვიდი ატარჟა სახლი აქ ამ ხენწიფეს. ამ დუნიას გუზელმა უთხრა: "მე დევჭირავ, მამა გურძს ხელში, შვიდ არტაჟაში ავალ, ვინც მე უმა გადამარჩინა, ის რომ მუა გამევქნევ, თუ არა და არაო." თელი ხალხი მოვდა და დუნია გუზელმა გურმი არ გამეიქნია. "ვინმე დარჩენილი თუ არისო?"- იკითხა ხენწიფემ. "ერთი ნენე ა დარჩენილი მარტო, სხვა არავინ არაო." გაგზავნეს კაცი და მოაყვანიეს ეს ნენე. ამ ნენეს დააბარა ახმედ ფელივანმა&gt; "თუ გკითხოს ხენწფიემ, უთხარი: ერთი ჰაცხა დან ჩამუარდნილი კაცი არი ჩემთან, ვინ არი, არ ვიციო," ასე უთხრიო. |მივდა ეს ნენე, ამ ნენეს უთხრა ამ ხენწიფემ: "ვინმე თუ დარჩენილა დედაო?" "ერთი ჰაცხა დან ჩამუარდნილი კაცი არი ჩემთან, ახალგაზრდა ძიჭო." გახელდება ხენწიფე, სამ მილინციას გუუშვებს იმასთან, "დეიჭირეთ და მომიყვანეთო." ორს თავს მოშჭრის და ერთს უკან გუუშვებს. "რა იქნაო?"- ხენწიფე ეტყვის. "იმათ თავები მოშჭრა, მე გამომდენა უკანო." ასწევს და შვიდ მილინციას გაგზავნის ერთ პირა, "ან მოკალთ, ან დეჲჭირეთ და მომიყვანეთო." ექვს თავს მოშჭრის და ერთს უკან გაგზანის, მივა ეს ერთი და ეტყვის, რომ "ექვს თავი მოშჭრა და მე გამომდენა უკანო." მოსანსახურე ეტყვის ხენწფეს: "შენ კაცი აღარ დაგჩება მაგ ჰალით," შიეკითხება ხენწიფე: "როგორ მევიქცეთო?" "დავწეროთ წერილი,-ეს მოსამსახურე ეტყვის,- გუუგზავნოთ, რუმეო მრბძანდი აქაო, მარტო ერთ კაცს გავატანოთო." გაატანეს ამ კაცს. მიიტანა და მისცა, წაიკითხა ახმედ ფელივანმა, ამ კაცს უპასუხა: "მიბძანდი, ხენწიფეს უთხარი, რომ შვიდ მეტრო სიგანეზე კაცი არ დააყენოს: თუ არა ჩემი ცხენი გაშჭრის. მე ამ საათზე მუალ." წევდა ამ კაცმა სიხარულით, მივდა უთხრა ხენწიფეს, ჩააყენა ხენწიფემ მილინციები და რეკავს აქეთ-იქით. მასობაში წევდა ამ ახმედ ფელივანმა. მივდა, ხალხი კი დარჩა ამ შვიდ მეტროში და შვიდასი კაცი გაშჭრა ცხენმა. მივდა ამ ხენწფის ნაშენთან. დუნია გუზელმა გამეჲქნია გურძი. ამ ფელივანმა შეჲჭრა ხელში. გიეჭენა ხენწიფე საჩქაროთ, მის ხეფეხზე მიეხვია და წეჲყვანა მის ოთახში, ხენწიფემ თვითონ ვერ გუუბედა და მოსამსახურეს ათხრობია, რომ "ჩემი დუნია გუზელი უნდა მისცეო." </p>
   <ab>
    <ed:atu m303c="m303 cc: Episode von 300 Der Drachentöter"/>
    <ed:atu m303c="m303 cg: Der HD geht, um für den Bruder Braut zu werben"/>
    <ed:atu m303c="m303 cu: Der AN fügt den HF Schaden zu"/>
    <ed:atu m303d="m303 dg: Der Retter erfährt von der Not des HD durch das Lebenszeichen"/>
    <ed:atu m303d="m303 dn: Der Retter kommt zur VB"/>
    <ed:atu m303d="m303 dp: Aufgrund der Ähnlichkeit wird der Retter für seinen Bruder gehalten"/>
    <ed:atu m303d="m303 dr: Der Retter legt beim Schlafen ein Schwert zwischen sich und sie"/>
    <ed:atu m303d="m303 du: Der Retter besiegt den AN/RC"/>
    <ed:atu m303d="m303 dw: Der Retter belebt den Bruder wieder"/>
    <ed:atu m303d="m303 dy: Der Retter heiratet den ST"/>
   </ab>
   <p> "კა, მიღებული მაქ მე ეს საქმე, მარა სამი ღერძი სიტყვა მეც მათქმევინეთო: მე მყავს უნცროსი ძამ, მემედ ფალივანი, პირლა მაგის ცოლს თუ არ ვნახავ, ისე ეს იყოს გაჩერებული ჩემ სახელზეო. ერთი დერეჯი ზედა უნდა იყოს ჩემი ძმი ქალი ჩემ ქალზეო." ხენწიფეს უთხრა: "შენ უნდა გამომინახო ამფერი რძალიო." ამე გნეშვა ხენწიფემ, "ერთ ალიგს კი არას, ჩემ შვილზე ზედა, მარა თელი ქვეყანა რომ დიერიოს, მაქედან ვერ გამეჲყვანსო. მაქედან ადამიანი ცოცხალი არც მოსულა და ვერც მუაო." "შენ მასწავლე, მამავ, მე მევყვან ღმერთის დახმარებითო." "სამი წვერი გზა არი, გასწავლი იმას და დაგაყენებ გზაზეო." მივდენ სამ წვერ გზაზე, ერთ გზას აწერია; სამ დღეზე წახვალ და მოხვალო, მეორე გზას აწერია _ წახვალ და მოხვალო. მესამეს აწერია; წახვალ და ვერ მოხვალო. ამ ხენწიფეს ასწავლა. რუმ ეწერა; წახვალ და მიხვალო, მი გზაზე ასწავლა, დუუპნია გზა. ხენშიფეს უთხრა: "შენ მამავ, წაბრძანდი ახლა სახში," იმან კი მიხტა, რომელი გზა იყო საჭირო. რომ ეწერა; წახვალ და ვერ მოხვალო - წევდა იმ გზაზე. უმ დუუახლოვდა დევის სახოლს. გამეჲხედა დუნია გუზელმა. ფადიშაჰის დუნია გუზელი რუმაა, ორი იმითანაა. მივდა საჩიხში შიგა. დირეგი ასვია ერთი იქ. დირეგზე ჩამოდო აღვირი ცხენისა, დააბა იქ და წევდა ზედა კიბეზე. დუნია გუზელმა გადმე ხედა: "რაცხა ადამიანი ხარ შენ, ძალიან ლამაზი ხარ, ნუ გეჲფუჭებ თავის თავს და შენ მენა გამოგყვე." "ეგ აღარ თქვა,- დუნია გუზელს უთხრა,- შენ ხარ ჩემი ძმის ცოლი, ჩემი ძალიო." "ჩემი მამა რუმ არის, მაგას ვერ გუდუურჩებიო და ჩემო ძამო ნუ შემოხვალო, წავყვები ძმის ცოლათო." მაჲც წევდა სახში დივთან, კარი რუმ შიაღო დივისა, დუუძახა დივს, გადმეჲხედა დივმა. "უფლება შენ გაქ ჯერ თუ მე მაქო,"დივმა უთხრა. "დიმითმია მე შენთვინო," დივს უთხრა. "რაც მარიფეთები გაქ, ეცადეო." დუუბერა ერთი გაქვავდა მუხლამდი თვითონაც და ცხენიც. მევორეთ დუუბერა. გაქვავდენ წელამდი, მესამეთ დუუბერა და გაქვავდენ სულ. დუნია გუზელმა კი ტირილი დეჲწყო და თმიებს იწიკვავს. მასობაში გაშავდა მემედ ფელივანის ხელზე ახმედ ფელივანის ბეჭედი. "ჩემ ძმას რაცხა დიემართა" და დაონაგირა ცხენი და პირდაპირ წევდა. მიაწია ხენწიფესთან და დაუღამდა. ხენწიფემ მისმა ცოლმა მიეხვივნენ ხელფეხზე, შეჲყვანეს და გინიან ახმედ ფალივანი. დასასვენებელ ოდაში წეჲყვანეს და დაუგეს ლოგინი. მემედ ფალივანმა კი მიხტა, რომ ე ჩემი ძმის ცოლიაო. რუმ შევდა ამ დუნია გუზელმა და დაწვა ლოგინში, შუაში ჩადო მისი ხმალი. დილას რომ ადგა, შევდა ხენწიფე და უთხრა" "ჩემი შვილი რატომ არ იკადრეო." "გზა გემეგალა მამავ, გზას მასწავლე და ჩემიაო," არ გუუმჟღავნა მემედ ფალივანმა. წეიყვანა ხენწიფემ. როგორც ახმედ ფელივანი გზაზე დააჟინა ხენწიფემ ისევე მემედ ფელივანი დააყენა გზაზე. წეიკითხა ესენი, რაც რუმ დაწერილი იყო. ამ ხენწიფეს უთხრა, რომ "წაბრძანდი მამავ შენო." იმან კი იცის სად უნდა წევდეს. წევდა იმ გზაზე, საითკენაც ახმედ ფელივანი წავიდა. მიახლოვდა დივის სახლზე. გამეჲხედა ტირილი დუნია გვზელმა, თმები რომ ჩამუუწეკვია, ის ხელში აქ, იმ დუნია გვზელს არ უყურებს სულ. მიაწია ახმედ ფელივანის გაქვავებულ ცხენთან. ჩამოდვა ეს ალვირი იმ დირეგზე. ნუდუუსვა ახმედ ფელივანის ცხენს ხელი და უთხრა: "ჩემი ძმის დურდელო! გაგაცოცხლეფ ღმერთის დახმარებით, მეც დივის შვილი ვარო." წევდა ზედა, კიბეზე მიდის. გადმეიხედა დუნია გვზელმა. "მო, შენც ნუღარ ამოხვალ, შენითანა გაქვავებული ბიჭი აგერ აგზე დგასო." "ჩემი თავი ენაცვალოს იმ ბიჭსაო, ჩემი გულისთვინ შესწირა თავიო. ღმერთის წყალობით მოვშჭრი იმ დევს თავსა და შენ და ჩემ ძმასაც წაგიყვანო." წევდა შიგან დევთან, შეაღო კარი, დუუძახა: "ე, დივო, გამეჲღვიძე," "ჰიდან მოხვალ შენ ჩემო ადამიანოო?!" "შენ დივი ხარ, მეც დივის შვილი ვარ და აბა თუ შიგიძლია რამე ეცადეო, რაც მარიფეთები გაქ, ააფერი შეაკლოვო." დაუბერა, არაფერი არ წაჰკარებია მემედ ფელივანს. მეორეთ დაუბერა, კიდევ არაფერი არ მოსლია, მესამეთ დაუბერა, სულ არაფერი არ წაჰკარებია. "გაჩერდი ახლა დივო, უფლება არის ჩემიო!" დივმა უთხრა: "შეჩერდი ერთიო, მეცხრე არტაჟა სახლი რუმ არი ჩემი, შენ ჩემი შვილის წამყვანელი ხარ, იქ არის მეშვიდე ყანახში ოქროს ანაგირი. მე თუ მომჭარი თავი, ჩემი შვილი გასწავლის ცხენს, იმ უნაგირზე შენ შეჯექ და შენ ცხენზე ჩემი შვილი შაჟდუმლეო. მე თუ ვერ მომკალ, იმ დროზე იცოდე, უნდა შეგჭამო, არც ხაპერს დავტევ. შენსა და არც ძვალსო. შვიდი ძარღვი ერთპირა გიექანა დღეს ჩემიო. ას ვოზდა ჩვიდმეტი წლისა ვარ, ეს დღე მე ჯერ ჰალა არ დამდგომია, შენ დამიყენე და შენ ძვალსა და ხაპერს დავტევ, თუ ცოცხალ გადავრჩი!" მისცა უფლება დივმა, "ეცადე ახლაო." შვიდი ყათი პოლი აქ მის სადგომ კონახს, უმ მეჲქნია ხმალი და დაარტყა, მასაც კი კისერი მოშჭრა და ექვსი ყათი პოლიც ჩაშჭრა. დივმა უთხრა: "ერთი კიდევ დამარტყიო," თავმა ენაზე მოვდა. "მეც ერთი დონუმი ვარ დუნიაზე მოსული, ორჯერ არაო." მოკტა დივი. გაცოცხლდა ახმედ ფელივანი და ძმები ეხვევიან ერთმანეთს, სიხარულის მგონე ესენი დაიბნიდენ. მემედ ფელივანს მუუსვა ძუძუ ამდუნია გვზელმა, გამუაღვიძა ამით. ახმედ ფელივანს მუუსვა მარვენა ხელის გული და გამუაღვიძა ამით მაზლი. ახლა ეს დუნია გუზელი ებნევა მაზლს და ქმარს: "ჩვენ საჩქაროთ წევდეთ. მე დედე მყავს, დივი, ჩემ მამიდან ვიცი, ეგ არი დაშორებული შვიდი დღის სავალ გზაზე. ჩემ მამს როომ რაც მუა, იმ წუთიდან წამუა. ორას ჩვიდმეტი წლის დივია. ჯერ მაგას არ შეშინებია, ვერა ადამიანი ვერ შეაშინებს და ჩვენ ყველას დაგვჭრის კისერსო." მემედ ფელივანი ამბობს, რომ "უნდა მუუცადო და ან ის იქნება და ან მეო." ახმედ ფელივანი ეტყვის, რომ "ძმავ, ჩვენ წევდეთ, საზღვარს რომ გავსცილდებით, ის ვეღარ გამოგვესხრიკებაო," დოუჯერებს ძმას სიტყვას საჩქაროთ წავა მეცხრე არტაჟა ხალხში, მეშვიდე ყანახში მემედ ფელივანი. გამეჲტანს ოქროს ონაგირს. ის დუნია გუზელი მეიყვანს მის მამის ცხენს, დაონაგირავს მემედ ფელივანი, ზედან შეაჟდუნებს თავის ძმას. ახმედ ფელივანის ცხენზე თვითონ შეჟდება, მის ცხენზე შეაჟდუნებს გუზელს. წამოვლიან საჩქაროთ. დაღანდება და მუაწევენ ხენწიფესთან, ხენწიფე მაშინ მიხტება, რომ ჩემი სიძე არ ყოფილა, ყოფილა სიძის ძმაო. ვერ მიხტა, რომელია მისი სიძე, ფეშკირი გედე კიდა ბეჭზე, საჭმელინდა მიართვას, ლუგენი და წყალი მიაყოლა ამ ფეშკირს, ამით უნდა გამეჲცნოს მისი სიძე, ეტყვის მემედ ფელივანი ახმედ ფელივანს: "ძმავ, შენ უმფროსი ხარ, მე უნცროსი ვარ, მე მევალება, მარა შენ სიძე ხარ და შენ აბძანდი და დაგვაბანიე ხელიო." ხენწიფე ეტყვის ახლა ამათ: "თქვენ დაბძანდით ძირში, დაუძახებს მოსამსახურებს და დააბანიებს ხელებს. "მე ვერ გამიცანით, რომელია ჩემი სიძე და ამისთვინ გავაკეთე ასეო." დაღამდა მასობა ხანში. ხემწიფემ ებძანა ამ ბიჭებს, "რომელინდა გატარდეთ პირლა," ახმედ ფელივანი ეტყვის, "თავის სიძეს ნა გატარდეს ჩემი ძმა და ჩემი რძალი." გატარდებიან ესენი ორსავე ძმიები. მის ხელქვეშ რაც რუმ ხალხია, მოჰყრის და ქორწილობას გააწყობს ორმოც დღე და ღამეს. მემედ ფელივანი ეტყვის ხენწიფეს: "მამავ ეს ხალხი არ დაჰპანტო ჩემ ოჯახშინა მიეწყოს ორმოც დღე - ღამე ქორწილი ორი მამა ვართ ერთპირა დაქორწილებული." რუმ შეთავდა ორმოცი დღე და ღამე, ახმედ ფელივანს ეტყვის მემედ ფელივანი: "ძმაო, ახლა შენ წაბძანდი სახში და წაიყვანე შენ ძალი." ხენწიფე გაგატანს მოსამსახურიებს, ამას რუმ ელაპარაკება, ხენწიფე ჟდას გვეძე, ყურს უგდებს რომ რანა ითქვას ბოლოს. "მე თათარიკე, მეც ჩემი რძალინდა წამევყვანო და წამოვდეო," მემედ ფელივანი ეტყვის. გიექანება ხენწიფე და მემედ ფელივანს აკოცებს თვალის კაკლბში, "შენ ჩემ სიძეზე შვილზე წინა ხარო." ხენწიფე წამოხტება და შვიდ დევზე ქონებას დაჭვირთავს, "რომ შესცხვენ ჩუმ შვილებსაო." მემედ ფელივანი ებნევა, რომ "მამავ, არ უნდა უუვარებელი ქონება აქ ჩვენაო." "არა, შვილო, ბარემედენი სირცხვილი არ ჭამოთო." ახმედ ფელივანი წევდა სახში და გაატანა ოთხმოცი მოსამსახურე და შვიდი დივით ქონება. მემედ ფელივანს ეტყვის, რომ "შვილო, ეს მეორე დუნია გუზელი ჩემი შვილი იყოს აქა და ორსავე ერთათ წეჲყვანეო. მემედ ფელივანის ქალი ეტყვის, რომ "მამაო, მე რომ გავაკეთებ, იმას შენი ორასი მოსამსახურე ვერ გააკეთებს და უნდა შავყვე ჩემ მაზლსაო. რომ მირცხვილი არ ვჭამოთო," გაუხარდა ხენწიფეს და უთხრა: "წაბძანდი შვილო, წაჰყეო." სამი მელნი ხალხი გაატანა ხენწიფემ, ამ დუნია გუზელმა ექვსი მელნირა გააწყო, სირცხვილი ჭამა კი არა, უუარებელი მოშჩა. ორმოც დღე-ღამეს იყო ქორწილი ახმედ ფელივანის ოჯახში ორმოც დღე-ღამეს დაბრუნდენ უკან, მივდენ ხენწიფესთან და დაიპანტნენ თავის ოჯახებში, იგინი იქ ტკბილათ დეჲწყობენ ცხოვრებას. ახმედ ფელივანი ეტყვის თავის ძმას: "მე უმფროსი ვარ შენზე, მარა შენ მე ბევრ საქმიებიდან გადამარჩინე და ამ ოჯახში შენი უმფროსობა იყოსო." "მე თავისთავს მევკლავ და მაგას არ ვიქ, უმფროსი შენ ხარ, შენ უნდა იყნე და შენი სიტყვით უნდა ვიაროთო." დეჲწყეს ტკპილა ცხოვრება. ისინი იქ დავჰატიე და მე და შენ აქ ვჟდავართ. </p>
  </body>
 </text>
</TEI>