<TEI xmlns="http://www.tei-c.org/ns/1.0" xmlns:xsi="http://www.w3.org/2001/XMLSchema-instance" xmlns:ed="http://www.dglab.uni-jena.de/atu/ns" xsi:schemaLocation="http://www.tei-c.org/ns/1.0 ../XSD/Schema/tei_all.xsd">
 <teiHeader>
  <fileDesc>
   <titleStmt>
    <title>Jüngling mit Bärenohren. Georgisches Märchen. Annotiert nach dem Jenaer Schema der Märchenannotation</title>
    <author/>
    <respStmt>
     <resp>Annotiert von Elguja Dadunashvili</resp>
     <name/>
    </respStmt>
    <principal> </principal>
   </titleStmt>
   <editionStmt>
    <edition>Testarbeit im Rahmen des Seminars "Theorie und Praxis der vergleichenden Erzählforschung (digitale Erschließung)", Seminarleiter Elguja Dadunashvili <date>WS 2016/17</date></edition>
   </editionStmt>
   <publicationStmt>
    <publisher>Seminar "Theorie und Praxis der vergleichenden Erzählforschung (digitale Erschließung)" Friedrich-Schiller-Universität Jena</publisher>
    <pubPlace>Jena, Thüringen, Deutschland</pubPlace>
    <date>WS 2016/17</date>
    <availability>
     <p>Die im Rahmen des Seminars "Theorie und Praxis der vergleichenden Erzählforschung (digitale Erschließung)" angefertigte Annotation des Textes inklusive Metadaten wird unter der Lizenz CC0 1.0 Universal veröffentlicht. </p>
     <p>
      <ref target="https://creativecommons.org/publicdomain/zero/1.0/legalcode">Lizenzvertrag</ref>
     </p>
    </availability>
   </publicationStmt>
   <sourceDesc>
    <msDesc>
     <msIdentifier>
      <country>Georgien</country>
      <district>Batumi</district>
      <institution>Archiv für Volksdichtung Berdzenishvili-Institut Batumi</institution>
      <collection>bskifa 20, 102-113</collection>
      <idno>22767</idno>
     </msIdentifier>
    </msDesc>
   </sourceDesc>
  </fileDesc>
  <profileDesc>
   <textClass>
    <keywords>
     <term>
      <index indexName="ISBN-951-41-0961-9"/>
      <ref target="https://de.wikipedia.org/wiki/Aarne-Thompson-Index"/>
      <ed:atu a650A="a650A: Der starke Hans"/>
      <ed:atu a301="a301: Die drei geraubten Prinzessinnen"/>
      <ed:atu a300="a300: Drachentöter"/>
     </term>
    </keywords>
   </textClass>
   <langUsage>
    <language ident="kat">Georgisch<index indexName="iso639-3"/><ref target="http://www-01.sil.org/iso639-3/codes.asp"/></language>
   </langUsage>
   <creation>
    <placeName>
     <country ref="http://www.geonames.org/614540/georgia.html"/>
     <region>Ajara</region>
     <district>Shuakhevi</district>
     <settlement>Kobalta</settlement>
    </placeName>
    <date>27.06. - 27.07.1959</date>
   </creation>
   <particDesc>
    <person role="Erzähler">
     <persName>
      <forename>Shalva</forename>
      <surname>Tavdgiridze</surname>
     </persName>
     <sex value="M">mänlich</sex>
     <age>26</age>
     <birth>
      <date/>
      <placeName>
       <country ref="http://www.geonames.org/614540/georgia.html"/>
       <region>Ajara</region>
       <district>Shuakhevi</district>
       <settlement>Kobalta</settlement>
      </placeName>
     </birth>
     <education>Hochschulausbildung</education>
     <residence>
      <placeName>
       <country ref="http://www.geonames.org/614540/georgia.html"/>
       <region>Ajara</region>
       <district>Shuakhevi</district>
       <settlement>Kobalta</settlement>
      </placeName>
     </residence>
    </person>
    <person role="Feldforscher">
     <persName>
      <surname>Nadiradze</surname>
      <forename>N.</forename>
     </persName>
     <affiliation>Berdzenishvili-Institut Batumi</affiliation>
    </person>
   </particDesc>
  </profileDesc>
  <encodingDesc>
   <editorialDecl>
    <stdVals>
     <p>Die Annotation beruht auf dem TEI 5 Annotationsstandard ergänzt durch den Namensraum "http://www1.uni-jena.de/dglab/atu/ns". Der Namensraum basiert auf dem extra für die Annotation der Märchentexte ausgearbeiteten XML-Schena "atu.xsd". Dieses gilt als Instrument für die Annotation der Märchentexte nach dem iternationalen Typenkatalog von Aarne-Thompson-Uther. Autor des XML-Schema Elguja Dadunashvili</p>
    </stdVals>
   </editorialDecl>
   <geoDecl>GeoNames</geoDecl>
  </encodingDesc>
 </teiHeader>
 <text>
  <front>
   <p> შიფრი: ბსკიფა 20, 102-113 მთქმელი: თავდგირიძე შალვა თოფუზის ძე ასაკი: 26 წლის საცხოვრებელი ადგილი: შუახევის რაიონი, სოფ. კობალთა ჩაწერის ადგილი: შუახევის რაიონი, სოფ. კობალთა ჩამწერი: ნადირაძე მ. ჩაწერის თარიღი: 27. 06. - 27. 07. 1959 მთქმელი: თავდგირიძე შალვა თოფუზის ძე, დაბადებული 1933 წ. ბათუმის პედაგოგიური ინსტიტუტის ისტორია ფილოლოგიის ფაკულტეტის II კურსის სტუდენტი, ცოლშვილიანია, ყოფილა შუა აზიისა და საქართველოს ბევრ ქალაქში, აგრეთვე მოსკოვში. იცის ქართული, რუსული და თურქული ენები. ზღაპარი გაგონილი აქვს მამისაგან თოფუზ ისკენდერის ძე თავდგირიძისაგან. </p>
  </front>
  <body>
   <p>დათვიყურა</p>
<ab>
<ed:atu a650A="a650A: Der starke Hans"/>
</ab>
   <p> ერთ სოფელში ყოფილა ერთი ღარიბი კაცი, რომელიც ხშირად დადიოდა ტყეში, გათლიდა რამდენიმე ფიცარს, ჩაიტანდა ქალაქში, გაყიდდა და ასე ირჩენდა თავს. ერთ დღეს, როცა მოჰქონდა ფიცარი, გზაზე დაისვენა, პაპიროსი დალია და შემდეგ უნდოდა წამოდგომა, მაგრამ მოიხედა უკან, რომ თავის ფიცარზე დიდი დათვი ჯდას. დათვმა უთხრა, რომ "ჩემთან უნდა წამოხვიდე ფოქვში (სორო)," კაცს მეტი გზა არ ჰქონდა და გაყვა დათვს. რომ არ გაქცეულიყო კაცი, დათვმა მოიტანა დიდი ქვა და ფოქვზე ზეიდან დაახურა. რამოდენიმე დღეს ასე იმეორებდა. შემდეგ გამოცდის მიზნით, დათვმა ფოქვის კარი ღია დატოვა. ამ კაცმა მიუხვდა ეშმაკობას და არ გაიქცა იმ დღეს. რამოდენიმე დღის ასე განმეორების შემდეგ დათვმა წავიდა ტყეში თაფლის მოსატანად, ფოქვი ღია დატოვა. ეს საწყალი კაცი, - როცა დაინახა, რომ დათვი არ იყო, - გაიქცა, მაგრამ ხელეჩო ფოქვში დარჩა. რამოდენიმე თვის შემდეგ დათვს ამ კაციდან ბავშვი შეეძინა. კაცი ჩვეულებრივი იყო, მხოლოდ ერთი ყური ჰქონდა დათვის, ამიტომ ჰქვია ამ ზღაპარს დათვიყურა. როცა დათვიყურა გახდა თორმეტი წლის, დედას შეეკითხა: "ეს ხელეჩო ვისია?" "ეს მამაშენის ხელეჩოა უთხრა დედამ წაიღე ქალაქში, ვინც იტყვის ეს ხელეჩო ჩემია, მამაშენიც იგი იქნება." დათვიყურამ წაიღო ხელეჩო ქალაქში. გზაზე შეხვდა ის საწყალი მოხუცებული კაცი. შეეკითხა, რომ "ეს ხელეჩო სად ნახეო." ბავშვმა უთხრა: "დედამ მიამბო, რომ ეს ხელეჩო მამაჩემის ყოფილაო." მოხუცმა კაცმა უთხრა, "ეს ხელეჩო ჩემიაო." "მაშინ თუ აგრეა, თქვენ მამაჩემი ყოფილხართო" უთხრა დათვაყურამ და წაიყვანა მასთან სახლში. ამის შემდეგ ეს ბავშვი ქალაქში ხშირად დადიოდა, მაგრამ ქალაქში რომ დაინახავდნენ, ხალხი ყველა უხედავდა, დასცინოდა და ყურზე ეწიკებოდენ. იგიც ძაან ღონიერი იყო და ყოველთვის, როცა ქალაქში ჩავიდოდა ერთ-ორ კაცს მოკლავდა, რადგან ყველა დასცინოდა. ხალხმა ეს ამბავი ხელმწიფეს აცნობეს. ხელმწიფემ დაიბარა მასთან და რომ თავიდან მოეშორებინა ასეთი საშინელი კაცი, დაავალა, რომ წასულიყო ერთ-ერთ ტყეში შეშის მოსატანად, საიდანაც ცოცხალი ვერ დაბრუნდებოდა, იმიტომ, რომ იქ ძალიან ბევრი დათვები იყვნენ. დათვიყურამ შეაბა ურემში ხარები და წავიდა შეშის მოსატანად. იგი ისეთი ძლიერი იყო, რომ შეშის დასამზადებლად ცულს არ ხმარობდა, მოკიდებდა ხელს ხეს, მოგლეჯდა და ურემზე ისე დადებდა. როცა მივიდა ტყეში, ხარები საბალახოდ გაუშვა, თვითონ კი შეშის დამზადებას შეუდგა. შეშა რომ დაამზადა, ხარების მოსაყვანად წავიდა. ერთი ხარი ნახა, მოიყვანა, შეაბა უღელში და წავიდა მეორე ხარის მოსაყვანად. ნახა, რომ მეორე ხარი დათვს შეუჭამია. ე. ი. შემძრალა გულღვიძლში და ხარის შიგანს ჭამს. დათვიყურამ მიეპარა, დაიჭირა დათვი, გააბა უღელში ხართან ერთად და შეშა წამოიღო. როცა მივიდა დათვიყურა ქალაქში, ყველანი გაკვირვებით და ჟივილხივილით მისდევდნენ ხელმწიფის კარამდი. მისმა ასეთმა მოქმედებამ ხელმწიფე ძალზე გააკვირვა. ერთი კოდი ოქრო აჩუქა და გაუშვა სახლში. დათვიყურამ ოქრო მოუტანა მამას, დაუტოვა და წამოვიდა ქალაქში. აქაც იგივე ხდება, დასცინიან დათვიყურას მისი ყურის გამო. დათვიყურა კიდევ რამოდენიმე კაცს მოკლავს. ეს ხელმწიფე დაიბარებს და ეტყვის, რომ "ერთ-ერთ ქვეყანაში, სადაც ტყის კაცები ცხოვრობენ ხარკი მაქვს ასახეკი, წადი და მოხიკე და მოიტანეო." </p>
   <p> დათვიყურა წავიდა ხარკის მოსაკრეფად. როცა მიუახლოვდა სოფელს ერვი ჯაზი მოხუცი ქალი წინ მიყვება და უთხრა: "შენ დაიმალე, თორემ, როცა ჩვენი შვილები მოვლიან შეგჭამენო" (ეს ტყიკაცები ადამიანისჭამიები არიან). მოხუცებულმა წაიყვანა მისთან სახლში საჭმელი აჭამა და დააწვინა, საღამოს მოვიდენ იმ მოხუცი ქალის შვილები და დედას უთხრეს, რომ "რაღაც ინსნის (ადამიანის) სუნი გვეცა, თუ არის ვინმე გვითხარი, შევჭამთო." დედამ უთხრა: "მოიცათ, დაიძინებს, ცხელი წყალი დავასხათ უცბათ, ლოგინში თავისით მოიხარშება და დილას შევჭამოთო." დათვიყურამ ეს ყველაფერი გაიგონა. ადგა ლოგინიდან, მის მაგიერად ერთი ჯირკი ჩააგდო, კაბალახი დაახურა, თვითონ კი ბუხარში დაიმალა. შუაღამისას შემოიტანეს დიდრონი ქვაბებით ცხელი წყალი და ზევიდან ლოგინზე დაასხეს. "აწი დილას შემოვიდეთ და შევჭამოთო." როცა ისინი გავიდნენ, დათვიყურამ ამოიღო ლოგინიდან ჯირკი და თვითონ დაწვა. დილას ადრიანად შემოვიდნენ, შესაჭმელად. დათვიყურამ ერთი გააპაზინა (გააზმორა) და თვალები გაახილა და შემოსულებმა შეეკითხენ, "როგორ გეძინაო, როგორ მოისვენეო." იმან უპასუხა: "ძალიან კარგად, ოღონდ ცოტა ოფლი დამასხაო." და ამ კაცებს ძლიერ გაუკვირდათ. დათვიყურამ ჩაიცვა ტანზე და გავიდა სოფელში ხარკის მოსაკრეფად. საღამომდე ერთი მეშოკით სავსე ოქრო შეაგროვა. იმ ღამეს იმ მოხუც ქალთან გაათია კიდევ. ეხლა, იმ ღამესაც მოინდომეს კიდევ მოეკლათ, ისე ეშინიათ და გადაწყვიტეს, რომ, "როცა დაიძინებს მუზრადები (ყამადანა) ზევიდან ლოგინზე დავასოთო." დათვიყურამ ისევე მოიქცა, როგორც პირველ ღამეს. ისევე ჯირკვი დააწვინა მის ადგილას. შუაღამისას ტყისკაცები შემოვიდენ იმ ოთახში და ლოგინზე მუზრაღები დაასვეს და თქვეს: "დილამდე არ შევჭამოთო." ახლა ისევე მოიქცევა და დაწვება ლოგინში. როცა შემოვლენ და კითხავენ, "როგორ მოისვენეო", უპასუხებს: "ძალიან კარგად, მხოლოდ ცოტა მწყილებმა მიკბინესო." ისევ გავიდა დათვიყურა სოფელში და საღამომდე კიდევ ერთი მეშოკით სავსე ოქრო ალთუნი შეაგროვა. საღამოს ტყისკაცებს მოკიდა და წამოაღებინა მის ქალაქამდე. როცა მოვიდა ხელმწიფესთან, ხელმწიფეს ძალზე გაუკვირდა, რომ "ვინც ტყიკაცებთან გავაგზავნე, ყველა დაიღუპა და ამან როგორ დაბრუნდაო?!" დათვიყურას ერთი კოდი ოქრო აჩუქა და გაუშვა სახლში. </p>
   <ab>
    <ed:atu h301aHD="h301 a: HD Der HD aus dem Typ 650A Der starke Hans"/>
    <ed:atu h301bOB="h301 b: OB Drei Prinzessinnen"/>
    <ed:atu h301cAN="h301 c: AN Das Ungeheuer"/>
    <ed:atu h301gFH="h301 g: FH Dem HD befreundete Gefährten"/>
    <ed:atu m301a="m301 ac: Episode von 650A Der starke Hans"/>
    <ed:atu m301a="m301 ag: Motivation bzw. Umstand der Entführung des OB ist nicht erläutert"/>
    <ed:atu m301b="m301 bg: Der HD bricht auf ohne das Ziel zu haben"/>
    <ed:atu m301b="m301 bn: Der HD schließt unterwegs die Freundschaft mit dem FH"/>
    <ed:atu m301c="m301 cc: Der HD und seine Weggenossen finden einen rauchenden Abgrund"/>
    <ed:atu m301d="m301 dd: Der HD steigt in die Unterwelt herab"/>
    <ed:atu m301d="m301 dg: Der HD gelangt an den Gefängnisraum des OB"/>
    <ed:atu m301d="m301 dn: Der HD befreit das OB ohne Zweikampf"/>
    <ed:atu m301e="m301 eg: Der HD führt das befreite OB zum FH"/>
    <ed:atu m301e="m301 eo: Die FH ziehen den HD nicht herauf"/>
    <ed:atu m301e="m301 ev: Episode zu 300 Der Drachentöter"/>
   </ab>
   <p> შემდეგ დათვიყურამ მოინდომა მოსაგებში წასვლა. თავის მამას უთხრა, რომ "მე ყურბეთში (შორს წასვლა სამგზავროდ სხვა ქვეყანაში) მივდივარ და ჩემს დაბრუნებამდე ეს ოქრო გეყოფაო." გამოაცხობინა საგზალი და გაუდგა გზას. ბევრი იარა თუ ცოტა იარა, ერთ წყაროსთან შეისვენა. წყალი დალია და შეუდგა საჭმლის ჭამას. ამ დროს ვიღაცა უცნაური კაცები მოვიდნენ ორი კაცები. სალამი მისცეს და დასხდნენ. საუბარში აღმოჩნდა, რომ ის კაცებიც ყურბეთში მიდიოდნენ. სამთავემ გადაწყვიტეს, რომ დაძმობილებულიყვნენ. დათვიყურამ ამოიღო ჯაყვა, გაიჭრეს ნეკი თითები და ერთმანეთის სისხლი დალიეს. ამის შემდეგ გაუდგნენ გზას. ერთ ადგილას ნახეს, რომ რომ მიწიდან რაღაც კვამლი ამოდის, გადაწყვიტეს ჩასულიყვნენ და ენახათ თუ რა იყო. პირველად, როგორც წესი, უფროსი ძმა უნდა ჩასულიყო დათვიყურა უმცროსია ყველაზე მოაბეს თოკი წელზე და ჩაუშვეს შიგნით. ცოტა რომ ჩავიდა უფროსმა შეშინდა და დაიყვირა ამომიყვანეთო. ამოიყვანეს და შემდეგ შუათანა ძმა ჩავიდა. მაგრამ ისინიც ასევე მოიქცა. ბოლოს დათვიყურამ თქვა: _ აწი მე წავალ, მაგრამ რამდენიც რომ ვიყვირო, მაინც ნუ ამომიყვანთო. მოიბა წელზე თოკი და გაუშვეს. ერთი ათი მეტრა რომ დარჩა მიწამდე, თოკი აღარ ეყოთ. დათვიყურამ ამოიღო ყამა, გაჭრა თოკი და ჩავარდა შიგნით. ნახა, რომ შიგნით მიწაში არის დიდი სახლი. გააღო ერთი ოთახის კარი, ნახა, რომ რამოდენიმე კაცის თავია შიგ მოკვეთილი. შემდეგ გააღო მეორე ოთახის კარი, ნახა რომ ერთი მზეთუნახავი ქალი ზის. ქალმა იკივლა. "აქ რისთვის მოდიხარ, ერთი ცხრათავიანი დევი არის და შეგჭამსო. ჩვენ სამი და ვართ, სამივე მოგვიტაცა დევმა, მე ამ ოთახში ვარ დატყვევებული, დანარჩენები კი არ ვიცი სად არიანო." გამოვიდნენ ესენი და დაიწყეს ოთახებში ძებნა, გააღეს შემდეგი ოთახის კარი და შუათანა დაც იქ არის. დებმა ერთმანეთს გადაეხვევა, ტირილი დაიწყეს და წავიდნენ მესამე დის მოსაძებნად, გააღეს მესამე ოთახის კარი ნახეს, რომ იგი იქ არის. ეს უმცროსი და ყველაზე ლამაზი იყო. დათვიყურას მოეწონა და თქვა, რომ ამას ჩემთვის ცოლად წავიყვან, დანარჩენებს კი ძმებისთვინო. დათვიყურამ უთხრა დებს: "ახლა მასწავლეთ ის ოთახი, სადაც ცხრათავიანი დევი ცხოვრობსო." მიიყვანეს ერთ კუთხეში და დათვიყურამ დაინახა, რომ კარი თავისით გაეღება და მიეძვრება. თურმე დევი იმხელა არის, რომ, როცა ჩაისუნთქავს კარი მიეძვრება და, როცა ამოისუნთქავს გაეღება. მივიდა დათვიყურა და, როცა კარი გაიღო შიგნით შევარდა. დევის მიერ ამოსუნთქულმა ჰაერმა დათვიყურა ჰაერში აიტაცა. ნახა, რომ ჭერში დევის ყამა არის შემორჭმული. აიღო ყამა, ჩამოვიდა ძირში და დაუწყო დევს თავების ჭრა. მოსჭრა რვა თავი და დევი შეეხვეწა: "მოდი, მეცხრე თავიც მომჭერიო." ქალიშვილებმა იყვირეს, რომ "მაგი თავიც რომ მოჭრა, ხელმეორედ ყველა თავები გამთელდებაო." დათვიყურამ აღარ მოჭრა თავი და დევი მოკვდა. ამის შემდეგ, ქალიშვილები მოიყვანეს იქ, საიდანაც ჩამოვიდნენ. დათვიყურამ ძმებს დაუძახა, რომ "თოკი ჩამოუშვითო." ჩამოუშვეს თოკი. დათვიყურამ პირველად უფროსი და გაუშვა, თან უთხრა: "შენ ჩემს უფროს ძმას გაჰყვები ცოლადო." ასევე უთხრა შუათანას და და გააგზავნა. შემდეგ, უმცროსმა ქალიშვილმა უთხრა, მისმა საცოლემ "პირველად შენ ადიო, იმიტომ, რომ, მე ძლიერ ლამაზი ვარ და შენი ძმები რომ დამინახავენ გიღალატებენ და თოკს აღარ ჩამოუშვებენო." დიდხანს იკამათეს, მაგრამ დათვიყურამ მაინც თავისი გაიტანა. ე. ი. ის ქალიშვილი გაუშვა. "კარგი,- უთხრა ქალიშვილმა,- მხოლოდ ერთ დარიგებას მოგცემო: რომ გიღალატონ შენმა ძმებმა და არ ამოგიყვანონ, აქ დაიცდი ხუთშაბათ საღამომდის. იმ საღამოს მოვლიან ორი ყოჩი. ერთი თეთრი, მეორე შავი. თეთრ ყოჩზე შეჯდები, ზევით ამოგიყვანს, შავ ყოჩზე შეჯდები უფრო ქვევით წაგიყვანს." მართლაც, ძმებმა უღალატეს და დათვიყურა არ ამოიყვანეს. </p>
   <ab>
    <ed:atu h300aHD="h300 a: HD Der HD aus dem Typ 650A Der starke Hans"/>
    <ed:atu h300bOB="h300 b: OB Königstochter"/>
    <ed:atu h300cAN="h300 c: AN Der Drache"/>
    <ed:atu h300eHF="h300 e: HF Der HF aus dem Typ 554 Dankbare Tiere"/>
    <ed:atu h300hHO="h300 h: HO Der König"/>
    <ed:atu h300jVB="h300 j: VB Die alte Gastgeberin"/>
    <ed:atu m300a="m300 an: Episode von 301 Die drei geraubten Prinzessinnen"/>
    <ed:atu m300b="m300 bg: Der HD gelangt in die Unterwelt"/>
    <ed:atu m300b="m300 bn: Der HD siht wie das VB statt Wasser Urin benutzt"/>
    <ed:atu m300c="m300 cg: Der AN gibt Wasser nur für den gewissen Preis her"/>
    <ed:atu m300c="m300 cn: Das OB soll dem AN geopfert werden"/>
    <ed:atu m300d="m300 dg: Der HD begleitet dem zum AN geführten OB"/>
    <ed:atu m300e="m300 eg: Der HD tötet den AN"/>
    <ed:atu m300e="m300 en: Das OB markiert den siegreiche HD bzw. seinen HF"/>
    <ed:atu m300e="m300 ev: Das befreite OB geht zum Elternhaus"/>
    <ed:atu m300f="m300 fl: Der HO lässt die Untertanen dem HD suchen"/>
    <ed:atu m300g="m300 gi: Der HD wird als gesuchter Befreier zum HO gebracht"/>
    <ed:atu m300g="m300 gn: Das OB erkennt den HD"/>
    <ed:atu m300g="m300 gn: Der echte HD bzw. sein HF wird durch die zuvor unternommene Markierung belegt"/>
    <ed:atu m300h="m300 hg: Der HD lehnt den Vorschlag ab, das OB zu Frau zu nehmen"/>
    <ed:atu m300h="m300 hn: Der HD bittet um die Fahrt in die Oberwelt"/>
    <ed:atu m300h="m300 hu: Episode zu 554 Dankbare Tiere"/>
   </ab>
   <p> ხუთშაბათ საღამოს ორივე ყოჩები გაჩნდნენ, ე. ი. მოვიდნენ იქა. სიხარულისაგან აღტაცებული დათვიყურა შეცდა და შეჯდა შავ ყოჩზე. ეხლა უფრო ქვევით მიდის. ყოჩმა უთხრა: "დახუჭე თვალებიო." დახუჭა თვალები დათვიყურამ. რამოდენიმე წუთის შემდეგ გაახილა თვალები და დაინახა, რომ შვიდყაჲ (ყაჲ ფენა) დედამიწის ქვევით ჩასულა. წავიდა და ერთ მოხუცებულ ქალთან მივიდა, უფხრა: "დედი, ძლიერ მომშივდა და საჭმელი მაჭამეო." მოხუცმა ქალმა გაცრა ფქვილი და თვითონ ფქვილში გავიდა შარდზე. მოზილა და გამოუცხო მჭადი. აჭამა. დათვიყურამ შეეკითხა: "წყალი რატომ არ გაქო." "ერთი გველვეშაპი არის,- უთხრა დედებერმა,- და იქ ლევს მთლიან წყალსო. ყოველ კვირას ერთი მსხვერპლი უნდა მივუყვანოთ, რომ წყალი გამოუშვასო." ამ საუბარში დათვიყურამ დაინახა, რომ ერთი ახალგაზრდა გოგო მოჰყავთ ტირილით. ადგა და თითონაც გაჰყვა, ე. ი. დათვიყურა. როცა მივიდენ ვეშაპთან და გოგო გააგზავნეს (შორიდან გზავნიდნენ), დათვიყურამ თან გაყვა. ვეშაპს გაუხარდა, რომ ერთი მსხვერპლის ნაცვლად ორი მომაწოდესო. ამოიღო დათვიყურამ ყამა და ვეშაპს თავი მოსჭრა. წავიდა სისხლიანი წყალი, გახარებული სოფელი დაესია წყალს, იციან რომ ნახევარ საათში წყალი აღარ იქნება. მოკვლის ამბავი ჯერ არ იციან. ამ ხელმწიფის გოგომ გაურია სისხლიან წყალში ხელი და ამ ბიჭს დათვიყურას ბეჭებში დაარტყა, ე. ი. დანიშნა. საღამოს ხელმწიფის ქალიშვილი სახლში დაბრუნდა. ხელმწიფემ შეეკითხა: "ვინ იყო ის ბიჭი, რომელმაც გველეშაპი მოკვლაო?" მაგრამ ბიჭის დათვიყურამ ამბავი არ იცოდა და ვერ უთხრა. ხელმწიფემ გამოაცხადა, რომ "ქალიშვილს ვათხოვებ, ყველანი ვინც არიან ჩემს სახელმწიფოში მამაკაცები ჩემს ეზოში უნდა გაიარონო. ვინც ჩემს ქალიშვილს მოსწონდება, იმას გაყვებაო." მეორე დღეს იმ სახელმწიფოში მყოფი ყველა მამაკაცმა ხელმწიფის ეზოზე გაიარა, მაგრამ დათვიყურა იქ არ აღმოჩნდა. ხელმწიფემ შეეკითხა ხალხს, "ვინმე ხომ არ დაგრჩენიათო." ხალხმა უთხრეს: _ "ერთი მოხუცებული ქალი რომ არის უშვილო, მხოლოდ იმის სახლში არ მივსულვართ თუ ვინმე ყავსო." ხელმწიფემ გააგზავნა თავისი ვეზირები და ვეზირებმა ნახეს ის ბიჭი, უთხრეს, რომ "ხელმწიფე გიბარებსო." დათვიყურას მეტი რა გზა ჰქონდა და წავიდა ხელმწიფესთან. როცა დაინახა ხელმწიფის ქალიშვილმა, მამას უთხრა: "ეს ბიჭია გველვეშაპი რომ მოკლა და მეც ამას უნდა გავყვეო." ხელმწიფემ უთხრა დათვიყურას: "თუ კი ინებებთ, ჩემი ქალიშვილი უნდა მოგათხოვო და სამეფო ტახტიც უნდა ჩაგაბაროვო. თუ არა და, რასაც მოითხოვთ ჩემგან, ყველაფერს აგისრულებო." დათვიყურამ უთხრა: "არაფერი არ მინდა, მხოლოდ აქედან როგორმე ჩემს ქვეყანაში გამიშვიო." ხელმწიფემ უთხრა: "წადი ამა და ამ ტყეში, იქ ერთი ხეა და ზედ ერთი დიდი ფრინველი ცხოვრობს, იგი აგიყვანს." </p>
   <ab>
    <ed:atu h554aHD="h554 a: HD Der HD aus dem Typ 300 Der Drachentöter"/>
    <ed:atu h554eHF="h554 e: HF Adler"/>
    <ed:atu m554a="m554 ag: Episode von 300 Der Drachentöter"/>
    <ed:atu m554b="m554 bg: Der HD rettet die Junge des HF aus der Lebensgefahr"/>
    <ed:atu m554c="m554 cg: Der HF bietet eine sofortige Hilfe an"/>
    <ed:atu m554e="m554 eg: Episode zu 300 Der Drachentöter"/>
   </ab>
   <p> დათვიყურა მართლაც წავიდა იმ ტყეში, მონახა ის ხე და მიადგა. როდესაც მივიდა იმ ხესთან, დაინახა ხეზე დიდი გველი ადის. დათვიყურამ ამოიღო ყამა და მოკლა გველი. ამის შემდეგ დაწვა იმ ხის ძირში და დაღლილმა დაიძინა. როდესაც მოფრინდა ის ფრინველი, ნახა დათვიყურა მძინარე, მოუნდომა შეჭმა. იგი ისეთი ფრინველი იყო, რომელიც კაცებს ჭამდა. მაგრამ შვილებმა დაუძახეს: "არ შეჭამო, მაგან ჩვეკი მტერი მოკლა." ფრინველს გაეხარდა და არ შეჭამა. არამედ ჩამოფრინდა ხის ძირში და მზე რომ ადგებოდა მძინარე დათვიყურას, გაშალა თავისი დიდვრონი ფრთები და მოუჩრდილა. როდესაც საღამოს გამოეღვიძა დათვიყურას, ფრინველმა უთხრა: "შენ ჩემი ყველაზე უფრო საშინელი მტერი მოკალი, რომელიც ყოველ წელს შვილებს მიკლავდა. მე არც ერთ წელს ამიტომ შვილები არ გამიზრდია და რადგან შენ ის მოკალი, რასაც მეტყვი შეგისრულებო." დათვიყურამ უთხრა: "არაფერი არ მინდა, მხოლოდ იმ ჩემს ქვეყანას ამიყვანეო." </p>
   <ab>
    <ed:atu m300i="m300 ic: Episode von 554 Dankbare Tiere"/>
    <ed:atu m300i="m300 ig: Der HD steigt auf dem Rücken des HF auf und fliegt in die Oberwelt hinauf"/>
    <ed:atu m300i="m300 ii: Am Ende des Fluges futtert der HD den Vogel mit dem eigenen Fleisch"/>
    <ed:atu m300i="m300 ik: Der HF heilt die Wunde"/>
    <ed:atu m300i="m300 iu: Episode zu 301 Die drei geraubten Prinzessinnen"/>
   </ab>
   <p> "იმ ქვეყანაში მისვლამდეო უთხრა ფრინველმა ორმოცი დღის სავალი გზაა. მე ორმოცი ხარი დამჭირდებაო. წადი უთხარი იმ ხელმწიფეს ორმოცი ხარი დაგიკლას, გაახმოს და გამოგატანოსო." დათვიყურაც ასე მოიქცა. ხელმწიფემ ორმოცი ხარი დაუკლა და გამოატანა. შეიდვა ფრინველმა ორმოცი ხარის ხორცი, ზედ დათვიყურა შეიჯინა და წავიდა. გაიარეს 39 დღე და ხორცი შემოკლდა. ფრინველმა გააღო პირი და დაუძახა: "ხორცი ჩამიდევი პირში." რა ქნას დათვიყურამ მოიჭრა ბარძაყის ხორცი და ჩაიდო პირში, მაგრამ ფრინველმა იგი არ შეჭამა და ენის ქვეშ ამოიდო, დამალა. მეორმოცე დღეს ჩავიდნენ დათვიყურას ქვეყანაში. როდესაც დათვიყურა ჩამოვიდა და გაიარა, დაინახა ფრინველმა, რომ იგი კოჭლობით მიდიოდა. დაუძახა უკანვე, ამოიღო ენის ქვევიდან მისი ხორცი, დაადო იმ ადგილს, გადაუსვა ენა და გაამთელა. </p>
   <ab>
    <ed:atu m301f="m301 fc: Episode von 300 Der Drachentöter"/>
    <ed:atu m301g="m301 gn: Der HD geht in die Hochzeit"/>
    <ed:atu m301h="m301 hg: Der FH wird bestraft"/>
    <ed:atu m301h="m301 hn: Der HD heiratet das OB"/>
   </ab>
   <p> დათვიყურა მივიდა თავის ქვეყანაში, ნახა მის სახლში ქორწილია დანიშნული. უფროსი ძმა ქორწილობს იმ საღამოს დათვიყურას საცოლეზე. დათვიყურა გაბრაზდება, მოჭრის ორივე ძმას თავს, მოკლავს და თვივონ მოაწყობს ქორწილობას თავის საცოლეზე. დაპატიჟებს იმ ხელმწიფეს, მამასაც, დედას, დედა დათვია, მაგრამ რა ქნას მისი დედაა. ორმოც დღეს იქორწილებს კარგად და დაიწყებს ტკბილ ცხოვრებას.</p>
  </body>
 </text>
</TEI>