<TEI xmlns="http://www.tei-c.org/ns/1.0" xmlns:xsi="http://www.w3.org/2001/XMLSchema-instance" xmlns:ed="http://www.dglab.uni-jena.de/atu/ns" xsi:schemaLocation="http://www.tei-c.org/ns/1.0 ../XSD/Schema/tei_all.xsd">
 <teiHeader>
  <fileDesc>
   <titleStmt>
    <title>Ohne Titel. Georgisches Märchen. Annotiert nach dem Jenaer Schema der Märchenannotation</title>
    <author/>
    <respStmt>
     <resp>Annotiert von Elguja Dadunashvili</resp>
     <name/>
    </respStmt>
    <principal> </principal>
   </titleStmt>
   <editionStmt>
    <edition>Testarbeit im Rahmen des Seminars "Theorie und Praxis der vergleichenden Erzählforschung (digitale Erschließung)", Seminarleiter Elguja Dadunashvili <date>WS 2016/17</date></edition>
   </editionStmt>
   <publicationStmt>
    <publisher>Seminar "Theorie und Praxis der vergleichenden Erzählforschung (digitale Erschließung)" Friedrich-Schiller-Universität Jena</publisher>
    <pubPlace>Jena, Thüringen, Deutschland</pubPlace>
    <date>WS 2016/17</date>
    <availability>
     <p>Die im Rahmen des Seminars "Theorie und Praxis der vergleichenden Erzählforschung (digitale Erschließung)" angefertigte Annotation des Textes inklusive Metadaten wird unter der Lizenz CC0 1.0 Universal veröffentlicht. </p>
     <p>
      <ref target="https://creativecommons.org/publicdomain/zero/1.0/legalcode">Lizenzvertrag</ref>
     </p>
    </availability>
   </publicationStmt>
   <sourceDesc>
    <msDesc>
     <msIdentifier>
      <country>Georgien</country>
      <district>Batumi</district>
      <institution>Archiv für Volksdichtung Berdzenishvili-Institut Batumi</institution>
      <collection>bskifa 20, 168-178</collection>
      <idno>22800</idno>
     </msIdentifier>
    </msDesc>
   </sourceDesc>
  </fileDesc>
  <profileDesc>
   <textClass>
    <keywords>
     <term>
      <index indexName="ISBN-951-41-0961-9"/>
      <ref target="https://de.wikipedia.org/wiki/Aarne-Thompson-Index"/>
      <ed:atu a567="a567: Das wunderbare Vogelherz"/>
      <ed:atu a303="a303: Die zwei Bruder"/>
      <ed:atu a300="a300: Drachentöter"/>
     </term>
    </keywords>
   </textClass>
   <langUsage>
    <language ident="kat">Georgisch<index indexName="iso639-3"/><ref target="http://www-01.sil.org/iso639-3/codes.asp"/></language>
   </langUsage>
   <creation>
    <placeName>
     <country ref="http://www.geonames.org/614540/georgia.html"/>
     <region>Ajara</region>
     <district>Shuakhevi</district>
     <settlement>Chirukhi</settlement>
    </placeName>
    <date>1959</date>
   </creation>
   <particDesc>
    <person role="Erzähler">
     <persName>
      <forename>Khusein</forename>
      <surname>Abashidze</surname>
     </persName>
     <sex value="M">mänlich</sex>
     <age>47</age>
     <birth>
      <date/>
      <placeName>
       <country ref="http://www.geonames.org/614540/georgia.html"/>
       <region>Ajara</region>
       <district/>
       <settlement/>
      </placeName>
     </birth>
     <education>Basisschule</education>
     <residence>
      <placeName>
       <country ref="http://www.geonames.org/614540/georgia.html"/>
       <region>Ajara</region>
       <district/>
       <settlement/>
      </placeName>
     </residence>
    </person>
    <person role="Feldforscher">
     <persName>
      <surname>Nadiradze</surname>
      <forename>N.</forename>
     </persName>
     <affiliation>Berdzenishvili-Institut Batumi</affiliation>
    </person>
   </particDesc>
  </profileDesc>
  <encodingDesc>
   <editorialDecl>
    <stdVals>
     <p>Die Annotation beruht auf dem TEI 5 Annotationsstandard ergänzt durch den Namensraum "http://www1.uni-jena.de/dglab/atu/ns". Der Namensraum basiert auf dem extra für die Annotation der Märchentexte ausgearbeiteten XML-Schena "atu.xsd". Dieses gilt als Instrument für die Annotation der Märchentexte nach dem iternationalen Typenkatalog von Aarne-Thompson-Uther. Autor des XML-Schema Elguja Dadunashvili</p>
    </stdVals>
   </editorialDecl>
   <geoDecl>GeoNames</geoDecl>
  </encodingDesc>
 </teiHeader>
 <text>
  <front>
   <p>შიფრი: ბსკიფა 20, 168-178 მთქმელი: აბაშიძე ხუსეინ ზექერიას ძე ასაკი: 47 წლის საცხოვრებელი ადგილი: შუახევის რაიონი, სოფ. ჩირუხი ჩაწერის ადგილი: შუახევის რაიონი, სოფ. ჩირუხი ჩამწერი: ნადირაძე მ. ჩაწერის თარიღი: 27. 06. - 27. 07. 1959</p>
  </front>
  <body>
   <ab>
    <ed:atu h567aHD="h567 a: HD Zwei Brüder"/>
    <ed:atu h567bOB="h567 b: OB Ein Organ des Vogels"/>
    <ed:atu h567cAN="h567 c: AN Ein Juwelier"/>
    <ed:atu h567jVB="h567 j: VB Der Vater des HD"/>
    <ed:atu m567a="m567 ag: Der VB findet das OB"/>
    <ed:atu m567a="m567 an: Die Begabung wird durch das Essen von Magen erworben"/>
    <ed:atu m567a="m567 an: Wer das Organ ißt wird Gold produzieren"/>
    <ed:atu m567a="m567 au: Die VB lässt den Vogel schlachten und wundersame Organen für sie zubereiten"/>
    <ed:atu m567a="m567 av: Das OB wird vom HD gegessen"/>
    <ed:atu m567b="m567 bb: Wegen der Lebensgefahr muss der HD davon fliehen"/>
    <ed:atu m567b="m567 bu: Episode zu 303 Die zwei Brüder"/>
   </ab>
   <p> იყო ორი ძმა. ერთი მდიდარიოქროს მჭედელი და მეორე ღარიბი. ღარიბს შვილები ყავდა, ოქრომჭედელ არ ყავდა. ერთ დღეს ამ ღარიბმა წავიდა ტყეში. ჩიტის ბეწვი ნახა ოქრო. მუტანა მის ძმას, რომელცხა ოქრომჭედელი იყო. "ოხ, ძმავ, ეს რა კარგი მოგიტანია, ეგებ აგერ ამ ჩიტის კვერცხი ნახო საცხა." წევდა ღარიბმა ტყეში და კიდო ნახა ოქროს კვერცხი. მუტანა ისევ თავის ძმას ოქროს კვერცხი. გუხარდა ამ ძმას ძალიან. აწია და ისევ რამდენიმე ფული მისცა ღარიბს. "ეგებ წახვიდე ტყეში და სადმე ამ კვერცხების დამდებელი ჩიტი ნახო",- უთხრა ოქრომჭედელმა. ადგა და ღარიბმა ძმამ წავიდა ჩიტის საძებნელად. მივიდა ერთ ტყეში და ნახა ოქროს ჩიტი. მიიყვანა და აგერ ეს ჩიტი მისცა მის ძმას. "კარგი ძმაო, კარგი მოიტანე, მოგცემ მაგის საფასურ ფულს." ასწია და მისცა. ქალს უთხრა ოქრომჭედელმა, რომ "აგერ ეს ჩიტი ისე უნდა შეწვა, რომ არაფერი უნდა დააკლდესო." ქალმა მიიტანა ცეცხლთან და წვავს ამ ჩიტსა. ვიღაცამ დაიძახა გარედან, (მის მაზლის შვილები იქ არიან ღარიბის შვილები). ვინცხამ რომ დეიძახა, ამ ქალმა ეს ჩიტი ბავშვს გადასცა დეიკავეო. როდესაც რომ ბავშვს ეჭირა, წვაში გამოვარდა ჩიტის გულმა. აწიეს და ეს გული ბავშვებმა გატეხეს. ნახევარი ერთმა შეჭამა და ნახევარი მეორემ. შამოვიდა ამ ქალმა სახლში. უთხრა, რომ "აგერ აქანა გული ქონდა, სად წევიდა იგიო?" "გავარდა და შევჭამეთ ჩვენ" ბავშვებმა უთხრეს. ეს ამ ქალმა ქმარს არ აცოდინა. დაკლა წიწილა, მისი გული გამეიღო, შეწვა და ჩადვა ჩიტის გულის ადგილას. აწია და შუუტანა მის ქმარს და მისცა ხელში. მაგრამ, ჩიტს რომ შეჭამდა, ყოველდღე ოქრო ექნებოდა ჯიბეში, ისეთი მარეფათი ქონდა იმ გულს. ადგენ დილას ღარიბის ბავშვებმა, ნახეს ძველ დახეულ შალში ოქრო გაჩენია ორივეს. მამამ უთხრა: "ბიძანენ მოპარეთ თუ სად ქონდათ ეს ოქრო?" "რა ვიცით მამა, ჯიბეში გაჩნდა, არავისთვის არ მოგვიპარია." მივიდა და მის ძმას მოახსენა, რომ "ჩემ ბავშვებს ჯიბეშიტ ოქრო გუუჩნდენ." "მაჲ ბავშვები დაუკავიან ეშმაკებს,"- მისმა ძმამ უთხრა "მაგინი წაიყვანე და ხუთი დღით ტყეში დატიე, რომ ეშმაკებმა დაეკარგონ." </p>
   <ab>
    <ed:atu h303aHD="h303 a: HD Die HDen aus dem Typ 567 Das wunderbare Vogelherz"/>
    <ed:atu h303bOB="h303 b: OB Derselbe HD"/>
    <ed:atu h303cAN="h303 c: AN Die Hexe"/>
    <ed:atu h303eHF="h303 e: HF aus dem Typ 554 Dankbare Tiere"/>
    <ed:atu h303dST="h303 d: ST Der Jäger"/>
    <ed:atu h303jVB="h303 j: VB Das OB aus dem Typ 300 Der Drachentöter"/>
    <ed:atu m303a="m303 aa: Episode von 567 Das wunderbare Vogelherz"/>
    <ed:atu m303a="m303 au: Die HDen werden vom ST aufgenommen"/>
    <ed:atu m303b="m303 bb: Die HDen verlassen das Haus"/>
    <ed:atu m303b="m303 bg: Bei der Trennung wird ein Lebenszeichen gesetzt"/>
    <ed:atu m303b="m303 bu: Episode zu 554 Dankbare Tiere"/>
    <ed:atu h554aHD="h554 a: HD Der HD aus dem Typ 567 Das wunderbare Vogelherz"/>
    <ed:atu h554eHF="h554 e: HF Bär"/>
    <ed:atu h554eHF="h554 e: HF Fuchs"/>
    <ed:atu h554eHF="h554 e: HF Hase"/>
    <ed:atu h554eHF="h554 e: HF Löwe"/>
    <ed:atu h554dST="h554 d: ST Derselber HF"/>
    <ed:atu m554a="m554 ag: Episode von 303 Die zwei Brüder"/>
    <ed:atu m554b="m554 bg: Der HD verschont den HF"/>
    <ed:atu m554c="m554 cg: Der HF begleitet den HD"/>
    <ed:atu m554e="m554 eg: Episode zu 300 Der Drachentöter"/>
   </ab>
   <p> ადგა და წაიყვანა მამამ ეს ბავშვები ტყჟეში, რომ არც გასავლელი იცოდენ და არც გზა. მამა დაბრუნდა და წამოვიდა სახლში. იქ ტყეში ერთი მაგარი მონადირე ცხოვრობდა. აგერ ამ მიონადირემ ამ ბავშვების ტირილი გეიგონა ღამე მივიდა და ბავშვები ტირიან, ჩივიან. აწია და ეს ბავშვები წაიყვანა. მიიყვანა მასთან და 18 წელი მასთან დარჩა ბავშვები. მოკლედ, ყველა დღე უჩნდებოდა ოქრო ამ ბავშვებს. ეს მონადირე ამ ბავშვებს ამ ოქროს უნახავდა. "შვილებო, თქვენ 18 წლისა გახდით, ჩემთან. მამა აღარ იცით და დედა. ახლა მე თქვენ ქონებას მოგცემთ, სროლაც ისწავლეთ და კაცები ხართ. მეტი არაფერი გინდებიან თქვენ." ცაში წერო მიდიოდა. "ერთი აჰა ესროლე წეროს, ვნახოთ მოარტყამ თუ არაო?",- ერთს ეუბნება. ესროლა ერთმა ჩამოვარდა. "ოჰ, მალადეც, კოჩაღ." მეორემაც ისე გააკეთა. "ახლა თქვენ ყველაფერს მოგცემთ და წადითო." აწია და ერთი ხმალი წააჩუქვა ამათ. "შვილებო, სადაც გზაზე მიხვალთ, ერთმა არპ წახვიდეთ, მეორემ ასე (ერთმანეთის საწინააღმდეგოდ _ მ. ნ. ). ის ხმალი იქვე შეინახეთ, ხეში ჩაასევით. რომელიმე დაბრუნდებით და ხმალთან მოხვალთ. თუ კი დაჟანგულია, მაშინ მეორე ძმა გაჭირვებაშია. თუ კი გაჭირვებაში არ იქნება, დაჟანგულიც არ იქნება." ადგენ და წამოვიდენ იმ მონადირედან.</p>
   <ab> </ab>
   <p> გზაში მოშივდენ ამ ბავშვებს. "რაღაც მოვკლათ და ვჭამოთ",- თქვეს. გამოშპა ერთი კურდღელი, წამოუდვეს თოფი და უნდა მოკლან. კურდღელმა უთხრა, რომ "ჩემ პაწა შვილებს მოგიყვანთორი ხართორს მოვიყვან, ოღონდ მე არ მომკლათო." კურდღელმა მუუყვანა. მერე გამეიარეს, ლომი შეხვდენ. ლომმაც ასე გააკეთა. მერე დათვი შეხვდენ, დათვმაც უთხრა: "ჩემ ბარტყებ მოგიყვანთო." მერე შეხვდა მელა. მელამაც ბარტყი მისცა. მოკლეს ჩიტები და ჭამეს, ბარტყები შეინახეს. აგერ ეგი ბარტყები წეიყვანეს ყველა და წამოვიდნენ. </p>
   <ab>
    <ed:atu h300aHD="h300 a: HD Der HD aus dem Typ 567 Das wunderbare Vogelherz"/>
    <ed:atu h300bOB="h300 b: OB Königstochter"/>
    <ed:atu h300cAN="h300 c: AN Der Drache"/>
    <ed:atu h300eHF="h300 e: HF Der HF aus dem Typ 554 Dankbare Tiere"/>
    <ed:atu h300fZM="h300 f: ZM Das Lebenswasser"/>
    <ed:atu h300dST="h300 d: ST Derselbe HF"/>
    <ed:atu h300gFH="h300 g: FH Der Diener"/>
    <ed:atu h300hHO="h300 h: HO Der König"/>
    <ed:atu h300jVB="h300 j: VB Der Wirt"/>
    <ed:atu m300a="m300 an: Episode von 303 Die zwei Brüder"/>
    <ed:atu m300b="m300 bg: Der HD gelangt in eine in tiefer Trauer lebende Stadt"/>
    <ed:atu m300b="m300 bn: Der HD wird vom VB über die Not informiert"/>
    <ed:atu m300c="m300 cg: Der AN gibt Wasser nur für den gewissen Preis her"/>
    <ed:atu m300c="m300 cn: Das OB soll dem AN geopfert werden"/>
    <ed:atu m300c="m300 cp: Der HO habe das OB demjenigen zur Frau versprochen, der den Drachen tödte"/>
    <ed:atu m300d="m300 dg: Der HD begleitet dem zum AN geführten OB"/>
    <ed:atu m300e="m300 eg: Bei dem Kampf hilft dem HD der HF"/>
    <ed:atu m300e="m300 eg: Der HD tötet den AN"/>
    <ed:atu m300e="m300 en: Das OB markiert den siegreiche HD bzw. seinen HF"/>
    <ed:atu m300e="m300 et: Der aus dem Kampf erschöpfte HD schläft ein/wird ohnmächtig"/>
    <ed:atu m300e="m300 ev: Der FH bringt den HD um"/>
    <ed:atu m300e="m300 ew: Die HF erweckt den HD mit Hilfe des ZMs zum Leben"/>
    <ed:atu m300f="m300 fe: Der FH gibt sich als Befreier aus und verlangt die Hand des OB"/>
    <ed:atu m300g="m300 gb: Der HD erkundigt sich beim VB über die Hochzeit"/>
    <ed:atu m300g="m300 gg: Der HD sendet seinen HF zum HO bzw. OB"/>
    <ed:atu m300g="m300 gh: Der HD dringt in die Hochzeit ein"/>
    <ed:atu m300g="m300 gk: Das OB erzählt die Wahrheit"/>
    <ed:atu m300g="m300 gu: Der FH wird bestraft"/>
    <ed:atu m300h="m300 hg: Der HD heiratet das OB"/>
    <ed:atu m300h="m300 hu: Episode zu 303 Die zwei Brüder"/>
   </ab>
   <p>ძმები ძალიან გვანან ერთმანეთს ვაშლის ორი ნაჭარი გონია. ადგენ და მოვიდენ ერთ გზაზე. გზა ორია. ერთი იქით წევიდა, მეორე იქით. ასე წახვალ ჲა მოხვალ (ან) და ჲა წახვალ არა. მეორეს ეწერა: ამ გზაზე ვინც წავა ცოცხალი ვერ წავა. ესენი გაანაწილეს, ბარტყები. ოთხი ერთად, ერთიც ბიჭი. ხუთი ერთად და ხუთი ერთად. ერთმა ცოტა იარა,. ბევრი იარა, ერთ ქალაქში შევიდა. ქალაქში ყველას შავები აქ ჩაცმული. ეკითხება: "რატომ აქ შავები ჩაცმული ხალხს?" "რატომ აქს და აგერ ერთი ხელმწიფე არის, მაგერ მაგას ყავს გოგო და ის გოგო ამაღამ კდება." "მიზეზი რა არის, კდება?"- ეს ბიჭი ეკითხება. "დადის ერთი გველეშაპი წყალზე. თუ კი ერთ ადამიანს არ მივცემთ, ისე წყალს არ აგვადენიებს. ჰეიდა, ხელმწიფის გოგო მიგვყავს ამაღამ იქ, გველეშაპმა უნდა შეჭამოს და წყალი ადინდება." ადგენ და ამ ლომმა, კურდღელმა, დათვი, მელა და კაცი შევიდენ სასადილოში. ჭამეს და ეს გოგო რომ წეიყვანეს წყალზე, ამათ წაყვენ ჩუმათ. მიიყვანეს ეს გოგო, დატოვენ და წამოვიდენ ყველამ. მარტო დარჩენ ეგენი. აგერ ეს გოგო ტირის, მარტვაჲა დარჩენილი. ამ ბიჭმა მივიდა და უთხრა: "შენ ნუ ტირი." "აბა რა ვქნა?"- გოგო ეკითხება. "რა ქენი და ამ ჯამეში შედი და ილოცე." "აქ რაც შიმიძლია გავაკეთებ ან და მე შემჭამოს." ამ გოგოს შორედან უყურებს ვიღაც ერთი ეს გოგო გულში ყვარებია ერთ ბიჭსა და შორიდან უყურებს. ამ დროში წამოდგა გველეშაპი, რომ მივიდა, ამ ბიჭმა და ამან დეიწყეს ბრძოლა. მოჭრა კისერი გველეშაპს და გააგდო. აგერ ამ გოგომ გამეეჭენა, რომ დეინახა რომ დაკლა, მოვდა და ამგენს: მელას, დათვს, კურდღელს, ლომს შეაბა ღილები ყველა დანიშნეა. ბიჭს პლატოკი მისცა. ამ ბიჭმა უთხრა ამგენს. "მე უნდა დავიძინო, დაღალული ვარ და თქვენ ყური უნდა მათხოვოთო." ლომმა უთხრა დათვს: "მე მეძინება და შენ დაცე." დათვმა მელას დაანდო დაცვა, მელამ კურდღელს დაანდო, მანაც ეძინებოდა. საბოლოოდ კურდღელმაც დაიძინა. რომელი ბიჭიც შორიდან იყურებოდა იმან ე კაცი დაკლა და გოგო მოიტაცა. გამეიღვიძეს თელმა, მათი პატრონი კდარი, არც ქალი არი. "ახლა რა უყოთ და რა საქმეში დავადგეთ",- ლაპარაკობენ ეგენი. კურდღელმა თქვა, რომე "მე უკვდავების წყარო ვიცი, იმით დავბანოთ და გავაცოცხლოთო." მეიტანეს მელამ და კულდღელმა წყარო, დაასხეს წყარო და ეს ბიჭი გააცოცხლეს. ადგენ და გაუდგენ ქალაქისაკენ. შევიდა ქალაქში, შევდა რესტორანში, დაჯდა და ჭამასმა მოაწყო. რომელმაც, რომ გოგო მოიპარა, წაართვა ამ ბიჭს და წაიყვანა, ხელმწიფეს გაუხარდა, რომ ჩემი შვილი მოიყვანაო. მაგარი ქორწილობა მოაწყო ხელმწიფემ, გააგზავნა დათვი და ლომი, რომ "წადით და მოიტანეთ ღვინო და ოტკა, რომ დავლიოთ." მივდენ, პირდაპირ გოგოს ოჯახში შევიდენ, ვერვინ ვერ დაუდგა წინ. გოგომ რომ დაინახა ეს მისი დანიშნული ლომი და დათვი, ჩაუსხა ღვინო და გაატანა. ეს მიიტანეს, დალიეს ეს ღვინო დათვმა, მისმა პატრონმა, ადგენ და მივიდენ იმათმაც ქორწილში. აგენ ამან წამოდგა, ბიჭი, რომელმაც გოგო მოიპარა და ლაპარაკობს: "ხელმწიფის გოგო მე გადავარჩინე სიკვდილიდან." აგერ იმ დათვის პატრონს დაუძახა, რომ "მაგის გადარჩენილი არაა, მე გადავარჩინეო." "აბა, ვის შევეკითხოთ ახლა, რომ ვინ გადაარჩინა, რით გევიგოთ?" გოგომ უპასუხა, რომ "დათვის პატრონმა გადამარჩინა." მე ის ბიჭი ჩამოსვეს ძირში და დახვრიტეს, რომ "შენ რატომ მოიტყულე, რომ მე გადავარჩინეო." ხელმწიფემ აიღო და მიცა გოგო იმ ბიჭსა, დათვის პატრონს. </p>
   <ab>

<ed:atu m303c="m303 cc: Episode von 300 Der Drachentöter"/>
<ed:atu m303c="m303 cg: Der HD geht auf die Jagd"/>
    <ed:atu m303c="m303 cu: Der AN fügt den HF Schaden zu"/>
    <ed:atu m303d="m303 dg: Der Retter erfährt von der Not des HD durch das Lebenszeichen"/>
    <ed:atu m303d="m303 dn: Der Retter kommt zur VB"/>
    <ed:atu m303d="m303 dp: Aufgrund der Ähnlichkeit wird der Retter für seinen Bruder gehalten"/>
    <ed:atu m303d="m303 dr: Der Retter legt beim Schlafen ein Schwert zwischen sich und sie"/>
    <ed:atu m303d="m303 dt: Der Retter geht auf die Suche nach dem HD"/>
    <ed:atu m303d="m303 du: Der Retter besiegt den AN/RC"/>
    <ed:atu m303d="m303 dw: Der Retter lässt den Bruder vom AN/RC wiederbeleben"/>
   </ab>
   <p> მივდა და დეიწყო ცხოვრება იქა, ხელმწიფეს უთხრა ბიჭმა, რომ მე მივალ სანეადიროდ, ადგა და წავიდა ნადირთ ტყეში. დათვი, მელა მიდევან თან ესენი, მისი წყობილება. ევიდენ მთაზე, რომ გამოშპა ერთი ირემი, ჭრელი ამას დეესხრიკენ ორმოცჟდაათამდე კაცი. ახლავს ამ ბიჭს კიდევ მას სიმამრიდან ამხანაგები. იმ ამხანაგებს დატრიალდენ, დაღამდა და წამოვიდენ სახლში. იმან მაინც წევდა, მიდევს იმ ირემს. მივიდა ერთ ღრმა ტყეში, დიდ ტყეში. დაუღამდა და აანთო ნაძვის ძირში ცეხლი. ღამე არის, ვინცხაი ყვირისოჰ, რაფერ მცივაო! _ ასე მიესმინენ. იქიდან გადმოიხედა, ვერვინ ვერ დაინახა კიდო დეიძახაოჰ, რაფერ მცივაო! ვინცხა იძახის. შეხედა ნაძვის წვერზე, რომ ერთი მოხუცებული ქალი არის იქ. ჩამოი და გათბი, თუ გცივაო. ადგა და ჩამოვიდა ძირში ამ დედებარეს. ნენა, რა ვქნა ახლა, მან დათვიდან და ლომიდან მეშინია! ნუ გეშინია, მოდი, მოდი! პატარა ჯოხი უკავია დედაბერს. ოჰ, რაფერი ვაჟკაცი ხარო _ და მივიდა და ეს ჯოხი დაარტყა ამ ბიჭს. ყველას დაარტყა _ ლომს, კურდღელს და თეოს ყველოამ გაქვავდა, უსულო გახდა ყველჲ, როგორც ქვა. წეიყვანა და ერთ ხრამში გადაყარა ესენი, ღელეში ქვები გააგორა გეიარა და წევდა. ამ ხელმწიფესთან აღარ მივიდა მისი სიძე, აღარ იქნა, რამოდენიმე დღე გავიდა მისმა ძმამ დაბრუნდა და მოვიდა, სადაც რომ ხმალი ქონდენ დასობილი იგზე. ხმალი ნახა, რომ დაუჟანგავს. ჩემ ძმას გაჭირვება აქვს და დაუჟანგავს ხმალიო. რომელ გზაზეც, რომ მისი ძმა წასულიყო, დადგა და იმ გზას წაყვა. შევიდა ქალაქში, სულ ყველას და ყველას ქეიფზე მოსული შევიდენ რესტორანში, დაჯდენ და ჭმასმა დაიწყეს. მივიდენ და ამ ხელმწიფეს უმახარობლეს, რომ შენი სიძე მოვიდაო. კარგი ნამეტანიო და წევიდა, დაპატიჟა, მოიყვანა სახლში. გეექანა და მის ცოლს შამოეხვია მას (ერთმანეთს გვანან სულ ყველა ფეკრში, ვაშლი ნაჭერი გგონია) დაღამდა ღამე, დააგეს ლოგინი. მივიდენ და დაწვენ ერთად. მაგან ჩადვა შუაზე (ამ ქმარმა ვითომ) მისი. მეგ რა შვებიო, რა არისო! მე რაღაცა გადაწყვეტილება მაქვს, იმას თუ არა შევასრულებ შენთან დაწოლა არ შეიძლებაოასე უპასუხა. დილა გათენდა და ადგა და წავიდა ამ ბიჭმა სანადიროდ. ევიდა თაზე და გამოჩდა ერთი ჭრელი ირემი და გამოეკიდა მას. დაღამდა ტყეში და დარჩა ნაძვის ძირში, აანთო ცეცხლი, გახედა, რომ ვინცხაჲ იძახის: ანა, რაფერ ცივაო. ვინ არის. გახედა, გამოხედა, რომ ვერავინ ვერ დაინახა. გახედა, რომ ერთი მოხუცებული ქალი ჯდას ხის წვერში. გადმოიღო თოფი და დუმიზნა მას. ვინ ხარ შენ მანდა! _ უძახის. ერთი მოხუცებული საწყალი ქალი ვარო., მოგკლავ, ჩამოდი მაქედან? მეშინია ვერ ჩამოვალ, რა ვქნა! ამ ბიჭმა მიხდა, რომ ეს არის ეშმაკი. ოქროდან ტყვია აქ გაკეთებული და ის ტყვია გატენა თოფში. ჩამოდი ძირში, თორემ მოგკალი. ადგა და ჩამოვიდა იმ ქალმა. გეექანა ამ ბიჭმა და შაატანა საყელოში ხელი. შენ ჩემი ძმა სად წეიყვანე, მითხარი. მე შენი ძმა არ ვიცი. როგორ არ იცი ჩემი ძმა შენ? შენ არ დამიკარგე? არ მომკლა, შვილო, გასწავლი. სად არის? წამომყე. ადგა, წაყვა. მივიდა ღელეში, იქ გადაყრილი, როგორც ქვები, იმფრად. ეგენი გამიცოცხლე, თორემ მე არ ვიცი რას გიზამო. მივიდა, ყველანი გააცოცხლა ესენი. დედაბერი მოკლეს იქა. წამოვიდენ ყველამ და მოვიდნენ ყველამ ხელმწიფესთან. ხელმწიფემ სიხარულდისაგან ვეღარ ჯდება ზეზე ფრინავს. ორმოც დღეღამეს ჭამა და სმა და ქეიფი, თამამი იყო. მეც იქ ვიყავ, დავტიე და წამოველ, რომ კარგათ დამიჩენ ყველანი.</p>
  </body>
 </text>
</TEI>