<TEI xmlns="http://www.tei-c.org/ns/1.0" xmlns:xsi="http://www.w3.org/2001/XMLSchema-instance" xmlns:ed="http://www.dglab.uni-jena.de/atu/ns" xsi:schemaLocation="http://www.tei-c.org/ns/1.0 ../XSD/Schema/tei_all.xsd">
 <teiHeader>
  <fileDesc>
   <titleStmt>
    <title>Ohne Titel. Georgisches Märchen. Annotiert nach dem Jenaer Schema der Märchenannotation</title>
    <author/>
    <respStmt>
     <resp>Annotiert von Elguja Dadunashvili</resp>
     <name/>
    </respStmt>
   </titleStmt>
   <editionStmt>
    <edition>Testarbeit im Rahmen des Seminars "Theorie und Praxis der vergleichenden Erzählforschung (digitale Erschließung)", Seminarleiter Elguja Dadunashvili <date>WS 2016/17</date>
    </edition>
   </editionStmt>
   <publicationStmt>
    <publisher>Seminar "Theorie und Praxis der vergleichenden Erzählforschung (digitale Erschließung)" Friedrich-Schiller-Universität Jena</publisher>
    <pubPlace>Jena, Thüringen, Deutschland</pubPlace>
    <date>WS 2016/17</date>
    <availability>
     <p>Die im Rahmen des Seminars "Theorie und Praxis der vergleichenden Erzählforschung (digitale Erschließung)" angefertigte Annotation des Textes inklusive Metadaten wird unter der Lizenz CC0 1.0 Universal veröffentlicht. </p>
     <p>
      <ref target="https://creativecommons.org/publicdomain/zero/1.0/legalcode">Lizenzvertrag</ref>
     </p>
    </availability>
   </publicationStmt>
   <sourceDesc>
    <msDesc>
     <msIdentifier>
      <country>Georgien</country>
      <district>Batumi</district>
      <institution>Archiv für Volksdichtung Berdzenishvili-Institut Batumi</institution>
      <collection>bskifa 2, 1</collection>
      <idno>22090</idno>
     </msIdentifier>
    </msDesc>
   </sourceDesc>
  </fileDesc>
  <profileDesc>
   <textClass>
    <keywords>
     <term>
      <index indexName="ISBN-951-41-0961-9"/>
      <ed:atu a301="a301: Die drei geraubten Prinzessinnen"/>
      <ed:atu a300="a300: Drachentöter"/>
      <ed:atu a554="a554: Dankbare Tiere"/>
     </term>
    </keywords>
   </textClass>
   <langUsage>
    <language ident="kat">Georgisch<index indexName="iso639-3"/>
     <ref target="http://www-01.sil.org/iso639-3/codes.asp"/>
    </language>
   </langUsage>
   <creation>
    <placeName>
     <country ref="http://www.geonames.org/614540/georgia.html"/>
     <region>Ajara</region>
     <district>Khulo</district>
     <settlement>Khikhadziri</settlement>
    </placeName>
    <date>1958</date>
   </creation>
   <particDesc>
    <person role="Erzähler">
     <persName>
      <forename>Khalvashi</forename>
      <surname>Aslan</surname>
     </persName>
     <sex value="M">mänlich</sex>
     <age>85</age>
     <birth>
      <date/>
      <placeName>
       <country ref="http://www.geonames.org/614540/georgia.html"/>
       <region>Ajara</region>
       <district>Khulo</district>
       <settlement>Khukhadziri</settlement>
      </placeName>
     </birth>
     <education>Alphabetisiert</education>
     <residence>
      <placeName>
       <country ref="http://www.geonames.org/614540/georgia.html"/>
       <region>Ajara</region>
       <district>Khulo</district>
       <settlement>Khikhadziri</settlement>
      </placeName>
     </residence>
    </person>
    <person role="Feldforscher">
     <persName>
      <surname>Noghaideli</surname>
      <forename>Jemal</forename>
     </persName>
     <affiliation>Berdzenishvili-Institut Batumi</affiliation>
    </person>
   </particDesc>
  </profileDesc>
  <encodingDesc>
   <editorialDecl>
    <quotation>
     <ab> Episode von 554 sind nach vorne gerutscht. Der HD wird durch den HF zunächst nach dem VB aus dem TYp 300 gebracht und dann, nach dem Sieg über den Drche, auf die Oberwlt</ab>
    </quotation>
    <stdVals>
     <p>Die Annotation beruht auf dem TEI 5 Annotationsstandard ergänzt durch den Namensraum "http://www1.uni-jena.de/dglab/atu/ns". Der Namensraum basiert auf dem extra für die Annotation der Märchentexte ausgearbeiteten XML-Schena "atu.xsd". Dieses gilt als Instrument für die Annotation der Märchentexte nach dem iternationalen Typenkatalog von Aarne-Thompson-Uther. Autor des XML-Schema Elguja Dadunashvili</p>
    </stdVals>
   </editorialDecl>
   <geoDecl>GeoNames</geoDecl>
  </encodingDesc>
 </teiHeader>
 <text>
  <front>
   <p>შიფრი: ბსკიფა 2, 1 მთქმელი: ხალვაში ასლან იდაეთის ძე ასაკი: 85 წლის საცხოვრებელი ადგილი: ხულოს რაიონი, სოფ. ხიხაძირი ჩაწერის ადგილი: ხულოს რაიონი, სოფ. ხიხაძირი ჩამწერი: ნოღაიდელი ჯემალ ჩაწერის თარიღი: 26. 6. 1958 ასლან იდაეთისძე ხალვაში, სოფელ ხიხაძირის, თიკანაურის უბნის მცხოვრები, 85 წლის, ნამყოფია თბილისსა და ბათუმში, ძველად თურქეთშიც. წერაკითხვის მცირე მცოდნე, ცნობილი "ხორონის" მოცეკვავეა რაიონში. </p>
  </front>
  <body>
   <ab>
    <ed:atu h301aHD="h301 a: HD Der jüngste Brüder"/>
    <ed:atu h301bOB="h301 b: OB Drei Prinzessinnen"/>
    <ed:atu h301cAN="h301 c: AN Das Ungeheuer"/>
    <ed:atu h301eZM="h301 f: ZM Reittiere"/>
    <ed:atu h301fST="h301 f: ST Dasselbe OB"/>
    <ed:atu h301gFH="h301 g: FH Die ältere Brüder"/>
    <ed:atu h301iAG="h301 i: AG Vater bzw. Könnig"/>
    <ed:atu h301jVB="h301 j: VB Der Juwelier"/>
    <ed:atu h301jVB="h301 j: VB Der Hirt"/>
    <ed:atu h301jVB="h301 j: VB Gestohlene Zauberfruchte"/>
    <ed:atu m301a="m301 ag: Motivation bzw. Umstand der Entführung des OB ist nicht erläutert"/>
    <ed:atu m301b="m301 bg: Der HD verfolgt den Dieb des Gartens von AG dessen blutige Spur ihn zum Abgrund führt"/>
    <ed:atu m301d="m301 dd: Der HD steigt in die Unterwelt herab"/>
    <ed:atu m301d="m301 dn: Der HD tötet den AN, das die geraubte OB festhält"/>
    <ed:atu m301d="m301 du: Der HD erhält einen Gegenstand vom OB"/>
    <ed:atu m301e="m301 eg: Der HD führt das befreite OB zum FH"/>
    <ed:atu m301e="m301 eo: Die FH ziehen den HD nicht herauf"/>
    <ed:atu m301e="m301 eq: Der ST weißt auf das ZM hin, mit dessen Hilfe der HD auf die Oberwelt kommen kann"/>
    <ed:atu m301e="m301 es: Der HD nimmt ein falsches ZM"/>
    <ed:atu m301e="m301 ev: Episode zu 300 Der Drachentöter"/>
   </ab>
   <p> ფადიშაჰს ყავდა სამი შვილი, ფადიშაი ჩავარდა ერთ ილლეთში (ავადმყოფობაში) ეზოზე ერთ დევრიშმა მოვდა და ფადიშახმა ვაშლი გააკეთებია. დევრიშმა დუბარა, რუმე ე ვაშლი მეისხამს სამ ვაშლს, ხემწიფეს თითო თითო დღეს აჭამეთო, ამა დაცევითო, რაცხა მუა და ვაშლებ არ დიგიტევსო. იმ ღამე დიდი შვილი გაგზანა ვაშლი საცველათ, დიდ შვილმა გევდა საცველათ, მარა ვერ გუუგო და მოტაცეს ერთი ვაშლი. მევორე დღეს შუათანაი ბიჭმა გევდა საცველათ, იმასაც მოტაცეს. მესამე დღეს პაწა ბიჭმა გევდა საცველათ, იმან გოუგო, მოსული, რაცხა რომ იპარავს [დაიარალა ოხით]. გათენდა. ვაშლი ერთი რაცხამ ვეღარ წეიღო, მოწყვიტა და მეიტანა ბაღანამ. ადგენ დიოლაზე და სისხლს გამიედევნენ იმ ძმებმა, სამნივემ. რამეთი სუტკა იყო ვინიცის, მიყვენ, მივდენ ერთ ყუის თავზე. ყუიში ჩევდა კვალი. მიადგენ იქა, დიდ ძმას მუაბენ თოკი, თქვა, რომ ჩევდე ერთი და ვნახო ვინ არიო. დეიბარა, რუმ მე რუმ დევყვირეფ, ამომწიეთო, ნახევარზე ჩევდა, რომ დეიყვირა: ამომწიეთო. ამოწიეს. ახლა შუათანამ წეიბა. პაწაი ჩევდა, იმანაც დეიყვირა, რომ ამომწიეთო. ამეიყვანეს. პაწამ უთხრა, რომ მომაბით, გამიშვით მეო. დევყვირეფ გამიშვით, დევყვირეფ გამიშვითო (საკუთარი რეპლიკა: პაწაი ყველგან იგითია (გმირი). დეიყვირა, გოუშვეს _ ჩევდა, რომ ბნელი ქვეყანაა. ერთ ოთახში ერთი გოგო ზის, უთხრა გოგომ, რომ შენ ვინ ხარ, როგორ მოხველ, ჰაიდან მოხველო. ბიჭმა უთხრა, რომ აქ ვინცხამ ჩამოგიყვანა, იმას ვეძეფო. გოგომ უთხრა, რომ მე არ ვიციო, ჩემს იქითიდან ჩემი მევორე დაი არის და იმას ჰკითხეო. გევდა იმ ოთახიდან და შევდა მეორე გოგოსანა. იმანაც უთხრა, რომ რომ ჩემს იქითიდან ჩემი პაწაი და არის და იმას კითხე, იმას ეცოდინებავო. გევდა, იმას კითხა. იმან უთხრა, შენ იმას ვეფერ უშველი, მოხველ, ამა ბედიჰავა, ვეფერს უშველი, დაზარალებსო. გომბიოს უთხრა, რომ შენ მასწავლე და მე დამაზარალოსო. გოგომ უთხრა, რუმე იმ ოთახშიო, გუთითია ხელი. მივდა ოთახში, მივდა, რომ კარი კიდია კინის, კაცი ვერ გაღებს. რით გიეღება: სულ მეითქვამს, გიეღება, სულს შიან შესწევს, მიეძრება კარი. სული მეითქვა, რომ გუღო და შევდა, შევდა შიგან. შევდა, მისი ყლიჯი გამეიღო, დაზომა, რომ ნახევარი არ გუწდა. ძინავს დევს. გახედა, რომ მისი ხანჯალი კიდია დევის, ამა ვერ უწდება, რომ ჩემეიღოს. სული რომ მეითქვა, აი ბიჭი აწია ზეზე და მოკრა ხელი ყილიჯს. დარტყა. იმდონზე დაზარალა, რომ არც მოკტა, არც ცოცხალია. შიეხვეწა, რომ ერთ კიდო დამარტყიო უთხრა, რომ ერთი გეყოფაო. კარი, ჩუნთქი მეითქვა სული, ღია დარჩა, გამოვდა კარში. მოვდა გოგვებთან, ამა ლამაზი გოგვებია. იქავ დანაწილა გოგვები: დიდი დიდ ძმას, შუათანაი შუათანა ძმას და პაწაი მიზდა დეიტია. იმ ძმაბმაც თოკი მუაბეს თოკზე, რამდენეთზეც უწდება. დოუძახა, რომ გამუშვით თოკვიო. დიდი მუვაბა თოკვზე, დოუძახა, რომ გაწიეთო. გოგომ უთხრა, რომ გაუშვით თოკვი კიდვენ, ჩემი და არის ამოსაყვანიო. მუაბეს გოგო თოკვზე, ეიყვანეს. პაწა გოგომ უთხრა ბიჭ, რუმე თოკვ შენ მოგაბამ, შენ ადი ჯერ იქაო. ბიჭმა უთხრა, რუმე არ შეიძლება, შენ ადი ჯერ იქაო. ბიჭმა უთხრა, რუმე არ შეიძლება. შენ აქ დაქტიო და მე ევდე იქაო. გომბიომ უთხრა, რომ მე რუმ ამიყვანონ, შენ აქანაი დაქტევენო. გოგომ უთხრა, რომე მე ავალ და შენ მენდილ დაგიტევო. აქ რომ ყოჩი მუაო, ერთი შავი, ერთი თეთრიო. მაჭედარი ყოჩებიო. მუცადე რომ თეთრ ყოჩზე შეჟდე, შავზე არ შეჟდეო. ამ პლატოკს დაანახვებ, არ გერჩიან შენაო. ბიჭი დატიეს, აღარ ეიყვანეს. მოვდენ ყოჩები. დეიწყეს ჭედნა. გეიქცა ბიჭმა და, გოია თეთრზე უნდა შემხტარიყო და შავზე არ შეჟდა! </p>
   <ab>
    <ed:atu h300aHD="h300 a: HD Der HD aus dem Typ 301 Die drei geraubten Prinzessinnen"/>
    <ed:atu h300bOB="h300 b: OB Königstochter"/>
    <ed:atu h300cAN="h300 c: AN Der Drache"/>
    <ed:atu h300eHF="h300 e: HF Der HF aus dem Typ 554 Dankbare Tiere"/>
    <ed:atu Antrag="h300 e: ZM Feder als Zauberwerkzeug"/>
    <ed:atu h300dST="h300 d: ST Derselbe HF"/>
    <ed:atu h301hHO="h301 h: HO Der König"/>
    <ed:atu h300jVB="h300 j: VB Die alte Gastgeberin"/>
    <ed:atu m300a="m300 an: Episode von 301 Die drei geraubten Prinzessinnen"/>
    <ed:atu m300b="m300 bg: Der HD gelangt in die Unterwelt"/>
    <ed:atu m300b="m300 bn: Der HD siht wie das VB statt Wasser Urin benutzt"/>
    <ed:atu m300b="m300 bn: Der HD wird vom VB über die Not informiert"/>
    <ed:atu m300c="m300 cg: Der AN gibt Wasser nur für den gewissen Preis her"/>
    <ed:atu m300c="m300 cn: Das OB soll dem AN geopfert werden"/>
    <ed:atu m300d="m300 dg: Der HD geht zum Ort wo das OB geopfert werden soll"/>
    <ed:atu m300e="m300 eg: Der HD tötet den AN"/>
    <ed:atu m300e="m300 en: Das OB markiert den siegreiche HD bzw. seinen HF"/>
    <ed:atu m300e="m300 ev: Das befreite OB geht zum Elternhaus"/>
    <ed:atu m300f="m300 fl: Der HO lässt die Untertanen dem HD suchen"/>
    <ed:atu m300g="m300 gi: Der HD wird als gesuchter Befreier zum HO gebracht"/>
    <ed:atu m300h="m300 hg: Der HD lehnt den Vorschlag ab, das OB zu Frau zu nehmen"/>
    <ed:atu m300h="m300 hn: Der HD bittet um die Fahrt in die Oberwelt"/>
    <ed:atu m300h="m300 ho: Der HD wird über einen Vogel als möglicher Helfer bei der Fahrt nach Oberwelt informiert"/>
    <ed:atu m300h="m300 hu: Episode zu 554 Dankbare Tiere"/>
    <ed:atu h554aHD="h554 a: HD Der HD aus dem Typ 301 Die drei geraubten Prinzessinnen"/>
    <ed:atu h554eHF="h554 e: HF Vogel"/>
    <ed:atu h554jVB="h554 j: VB Junge des HF"/>
    <ed:atu m554a="m554 ag: Episode von 300 Der Drachentöter"/>
    <ed:atu m554b="m554 bg: Der HD rettet die Junge des HF aus der Lebensgefahr"/>
    <ed:atu m554c="m554 cg: Der HF bietet eine sofortige Hilfe an"/>
    <ed:atu m554e="m554 eg: Episode zu 300 Der Drachentöter"/>
    <ed:atu m300i="m300 ic: Episode von 554 Dankbare Tiere"/>
    <ed:atu m300i="m300 if: Der HD nimmt vom HO das Futter für den Helfer bei der Fahrt nach Oberwelt"/>
    <ed:atu m300i="m300 ig: Der HD steigt auf dem Rücken des HF auf und fliegt in die Oberwelt hinauf"/>
    <ed:atu m300i="m300 ii: Am Ende des Fluges futtert der HD den Vogel mit dem eigenen Fleisch"/>
    <ed:atu Antrag="m300 ik: Nach der Fahrt gibt der HF dem HD das ZM"/>
    <ed:atu m300i="m300 iu: Episode zu 301 Die drei geraubten Prinzessinnen"/>
   </ab>
   <p> ამ შავმა წეიყვანა და იმფო შავ ქვეყანაში ხიზძირში გაგდო. ის ანყა ჩიტი რომ არის, ორი ბარტყი ეყოლებოდა და ვერ გაზარდა, რაცხა უჭამდა. ბაღანაც იქ არი, ბარტყები ძირ არიან. გახედა, რომ რაცხამ მოვდა იმ ბარტყების შესაჭმელათ. მეგემ არი გველეშაპი. იმ ბიჭმა მოკლა. მემრე იმ ჩიტმა, ანყა ჩიტმა წამოვდა, ი ბიჭი და შიეჭამა. იმ ბარტყებმა უთხრენ, რომ აფერი არ უთხრა, იმან გადაგვარჩინა ჩვენაო. ბიჭს უთხრა იმ ჩიტმა, რომ შენ რა სიკეთე გიყო? ჩემი სიკეთე ისა, რომ თეთრ ქვეყანაში იმიყვანე, რაცხან სინათლეაო. მე სინათლე ქვეყანა ჰეჩ არ გიმიგონიაო, ჩიტმა უთხრა. წეიყვანა ბიჭი და თვარიან სინათლიან ქვეყანაში ამეიყვანა. ბიჭი ერთ ნენესთან სტუმრათ დადგა. ნენემ ჭადი და მოზილოს, რომ მიართვას სტუმარს. უკაცრავა პასუხია, წყალი რომ არ ალი, რით და მოზილოს ახლა ჰა! ბოდიში, უკაცრავა პასუხია, ჩაფსა და ისე ზილავს. ბიჭმა უთხრა, რუმე ეგ რას იჯები ნენევო? რავყოთ შვილოვო, წყლის თავზე ერთი გველეშაპი ზის, ერთი სურიელი ნდა მივცეთ, რომ წყალი ავადინოთო. იმ დღესაც ფადიშაჰის გოგოზეა სირა მისული, გოგო უნდა მიცენ და წყალი ადინონ. მიყავან გოგო ტირილით, რომ უნდა მიცენ იმ გველეშაპ. ბიჭმა მიყვა გოგოს ფეშინში. მივდა წყალზე, გველეშაპი მოკლა ბიჭმა. გოგომ სისხლს ხელი დარტყა და ბიჭს ბეჭებში ჩარტყა. გოგომ მივდა შინ, სახში. იმ ნეფემ გუმჯავრდა გოგოს, რომ შენ ვინმუცი და მოხველ აქაო. მამას უთხრა გოგომ, რომ ერთმა ბიჭმა მოკლა გველეშაპიო. გუხარდენ ქვეყანას, რომ გველეშაპი მეიკლა, წყალინა ავამსოთო. უთხრა ნეფემ, რომ ვინცხამ მოკლა, იმას იცნოფო? კი ვიცნოფო, უთხრა. მის ხელქვეშ ხალხი მოყარა ფადიშახმა. ათვარიელა გომბიომ. უთხრა, რომ ის ბიჭი არალი მასშიო. შეკითხა იმ ფადიშახმა, რუმ ჰადმე ვინმე დარჩა თუ არაო. უთხრეს, რომ ნენეთან ერთი სტუმარიაო. მეიკითხეს ბიჭი, წეიყვანეს. უთხრა გოგომ, რომ ეს არი გველეშაპის მომკლელიო. აწია, გოგო მიცა ბიჭს, დაყენა მასან, სიძეთ გეიხადა ენჯამი და! უთხრა, რომ ჰა ქვეყნიდან ხარ შენაო. ბიჭმა უთხრა, რომ მე სინათლიან ქვეყნიდან ვარ, სინათლეა ჩემი ქვეყანაო. გოგოთან ბიჭმა არ დაწვა ერთი ღამე, ორი ღამე. დედას გუმჟღავნა გოგომ, რომ ჩემთან არ წვებაო. უთხრა ქმარს დედამ, რომ გოგოთან არ წვება ბიჭიო. დუძახეს ბიჭი. ბიჭმა უთხრა, რომ მე კტარი, ცოცხალი, ჩემს ქვეყანაშინდა წევდე, ჰაცხაიდან გავძრ-ეგამოვძრეო, გოგოს სისხლში არ შევალო. მე ი მამობა მიყავ, რუმევო, გამაგზავნო ვინძღაიო. სინათლე ქვეყანა ვის ეცოდინებაო, დოუძახა ფადიშაჰმა ხალხ ყველამ თქვეს, რომ ჩვენ არ გიგვიგონიავო, სინათლე ქვეყანაო. ვინ დარჩა ქვეყანაშიო? უთხრეს, რომ ანყა ჩიტი დარჩა, სხვა ყველაი მოვდენო. დუძახეს, მეიყვანეს. იმანაც თქვა, რომ ისე, ცოტა გაგონილობა მაქო. ფადიშახმა უთხრა, რაც გინდა მომთხოთო, იმას მოქცემ, აი ბიჭინდა ეიყვანო იმ ქვეყანაშიო. უთხრა, რომ ბევრი საგძალი საჭმელი გვინდაო. მუტანეს საჭმელი, ვოზდაათი ფუთი ხორცი მუტანეს, კიდევ სხვა რამეც. ზრუგზე დაჟდუმლა, აწია და წეიყვანა ბიჭი. მოკლეთ, ჰამან მიახლოვდენ და დელიენ საჭმელი. ბიჭმა ბაყვის ხორცი გამოიჭრა და მიცა. რავარც პირში ჩეიდვა, მიხტა, რომ ადამიანის ხორციაო. ჰამა და ეიყვანა. აწია და ფთები შეიწყვიტა, ორი-სამი ფთაი, დაბარა, რომ საცხან რომ შეწუხთე, ეს ფთები რომ ერთქვანებზე დარტყა, მე იქავ გავჩნდებიო. ბიჭ უთხრა, რომ ადე და წადიო. წევდა, აკოჭლდა. უთხრა, რომ მოიცაი, მოი აქო. </p>
   <ab>
    <ed:atu m301f="m301 fc: Episode von 300 Der Drachentöter"/>
    <ed:atu m301g="m301 gd: Der HD erfährt von VB von der Hochzeit"/>
    <ed:atu m301g="m301 gf: Der HD arbeitet bei einem Handwerker und stellt die Hochzeitsgeschenke (Kleidung) für das OB her"/>
    <ed:atu m301g="m301 gn: Der HD geht in die Hochzeit"/>
    <ed:atu m301h="m301 hg: Der FH wird bestraft"/>
    <ed:atu m301h="m301 hn: Der HD heiratet das OB"/>
    <ed:atu m301h="m301 hu: Der ST wird König"/>
   </ab>
   <p> მეიყვანა ბიჭი, ი ხორცი გამეიღო და მიაკრა იარაზე, წუსვა, რაც რუმ ეკუთნებოდა, მუარჩინა და წევდა. მიაწია მამის ქვეყანაში. ერ თაში გეიარა, ჩობანი შეხტა ერთი, ჩობანს უთხრა, რომ ჩემ ურუბას მოქცემ, შენი ურუბა მომეციო. ჩობანმა დუსიქთურა, მაღაჯინეფო, ჩემ ურუბაში მომცემ მაგასო? უთხრა, რომ არ გაჯაჯინეფო. გეიძრო, მიცა, გოუცვალა ენჯამი. ჩეიცვა ძველი ურუბა, ერთი ბატკანიც იყიდა ფარით ჩობნიდან. დაკლა, გამოყარა შიან ფუში და ბატკნის ფუში მოიხვია თავზე, გახტა მუნიანი ბიჭი. მივდა ახლა ბაზარში, ერ ოქრომჭედელს შიეხვეწა და დადგა მასან. მივდეთ ახლა ფადიშახთან, გოგვები რომ მეიყვანეს ძმებმა. გათხუა ფადიშახმა დიდი გოგო, დიდ ბიჭ მიცა. გოგომ უარი უთხრა, ჩემი ალთუნის ლეგენი, ალთუნის თაბლა (კახვეს რომ დებენ), თუარ მოვდა, არ წავყვებიო. მივდენ ოქრომჭედელთან, ამნაირ ლეგენ გაკეთებ თუ არაო. ოქრომჭედელმა უთხრა, რომ იმას ვერ გავაკეთეფო. იმ ბიჭმა უთხრა, რომ რატომ უთხარ, ვერ გავაკეთეფო, იმა მე გავაკეთეფო. როის მოვკითხო? დილასო. ბიჭმა დარტყა ფთები ერთმანებზე და ენყა ჩიტი მეითხოვა. ანყას უთხრა: დიდ გოგოსი თაბლა და ლეგენინდა მოვდეს ჩემთანო. მეიტანა ანყამ. დაჟდა და გოია აკეთებს ბიჭი; მოვდენ დილაზე და მიცენ. წეიღო ფადიშახმა, მუტანეს გოგოს. გოგომ დოუძახა მის დას: დაო! ამის მომტანი ან მოსულა, ანდა მოვდესო. ფადიშახმა მიცა ბიჭს და დეიწყეს ქორწილობა. დოუძახეს ხალხი სულ ქორწილზე. ყველაი ხალხი წევდენ, ოქრომჭედელიც წევდა. ბიჭი იქ არი. გევდენ და ჯირით თამაშობენ ცხენოსანი. იმ ბიჭმა ანყას უთხრა, რუმე დიდ გოგოს ცხენი და მისი მოწყობილობა აქ მინდაო. მოვდა ცხენი, გამეიცვალა ბიჭმა ურუბა და შეჟდა ცხენზე. გევდა იმ ხალხში. ხალხი თამაშობენ. გევდა, დადგა იმ ხალხში იმანაც ცხენით. უთხრეს, რომ შენ რატომ არ თამაშოფო. თხუა ნება ფადიშახს; ფადიშახი თუ ნებას მომცემს, ვითამაშეფო. გაჭენა ცხენი, მისი ძმაი იცის, ფადიშახის შვილი ვინ არი. შამოკრა ჯირითი, გადმოაგდო, მოკლა დიდი ძმაი. მუაბრუნა, გაჭენა ცხენი, გეიარა და წევდა. ცხენი გუშვა, მივდა დეიწყო კეთება. ოქრომჭედელმაც მოვდა. უთხრა, რომ ვინცხაი მამაძაღლი მოვდა და ფადიშახის შვილი მოკლაო. მოვდეთ ახლა მევორე გოგოზე. მისცა შუათანა ბიჭ, აძლევს, ამა გოგო არ მიდევს. ჩემი ალთუნის ლეგენი, ალთუნის თაბლა და მამალი თუ არ მოვდა, არ წავყვებიო. მივდენ ოქრომჭედელთან კიდევ, გიმიკეთეო. ოქრომჭედელმა უთხრა: მე რა ვიციო. ბიჭმა თქვა, რომ მე გავაკეთეფო. მეიკითხეთ დილასო. გათენდა, მივდენ დილაზე, ფთები დარტყა, ანყას უთხრა, რომ მიმიტანე შუათანა გოგოის დეგენი, თაბლა, მამალიო. მუტანა. დილას წეიღეს. შუათანა გოგომ დუძახა პაწას, რომ დაო! ამის მომტანი ან მოსულია, ანდა მოვდესო. ფადიშახმა დეიწყო კიდოვ ქორწილობა, მოყარა სულ. გევდენ საჯირითოთ ცხენებით. ქორწილია, თამაშობენ. იმ ბიჭმა ანყა ჩიტს უთხრა, რომ შუათანა გოგოს ცხენი, მისი მოწყობილობით აქ მომიყვანეო. შეჟდა ბიჭმა და გევდა საჯირითოზე, წევდა ბიჭმაც. ყველაი თამაშობენ, ე ბიჭი არ თამაშობს ჯირით. შეკითხეს ბიჭ, რომ შენ რატომ არ თამაშოფო. უთხრა ფადიშახმა, რუმ ითამაშე შვილოვო. დიდი ძმა ხომ მოკლა წინწინ, ახლა იმაზეა მოსული, გუშვა ცხენი, გაჭენა. უთხრა ძმას, რომ აი ჯირითი შენია. შემოკრა ჯირითი და გადმუაგდო. იქიდან შამოკრა ცხენ მათრახი, ცხენმა გაფრინდა. გეიარა და წევდა, ანკარი ცხენია. მივდა ბაზარში, ფადიშახის ურუბა ჩეიცვა დეიხურა. მახარობელი გაგზავნა ფადიშახთან, რომ შენი პაწაი შვილი მუაო. მიეგება მამამისმა. მეიყარენ ერთათ. მიყვანა სახში. რაც რომ თავზე გადახტა, ყველაფერი მუყვა მამას, იმ ძმების მკლელიც მე ვარო, უთხრა. მამის ნებართვით ითხოვა პაწაი გოგო, ხემწიფობაც ჩეიბარა და იმცხოვრა ტკპილათ. </p>
  </body>
  <back>
   <p>ერთი ცხენი, ერთი კვიცი, ამის მეტი აღარ ვიცი.</p>
  </back>
 </text>
</TEI>