<TEI xmlns="http://www.tei-c.org/ns/1.0" xmlns:xsi="http://www.w3.org/2001/XMLSchema-instance" xmlns:ed="http://www.dglab.uni-jena.de/atu/ns" xsi:schemaLocation="http://www.tei-c.org/ns/1.0 ../XSD/Schema/tei_all.xsd">
 <teiHeader>
  <fileDesc>
   <titleStmt>
    <title>Zikvatera und Mikvatera. Georgisches Märchen. Annotiert nach dem ConAS</title>
    <author/>
    <respStmt>
     <resp>Annotiert von Elguja Dadunashvili</resp>
     <name/>
    </respStmt>
    <principal> </principal>
   </titleStmt>
   <editionStmt>
    <edition>Testarbeit im Rahmen des Seminars "Theorie und Praxis der vergleichenden Erzählforschung (digitale Erschließung)", Seminarleiter Elguja Dadunashvili <date>WS 2016/17</date></edition>
   </editionStmt>
   <publicationStmt>
    <publisher>Seminar "Theorie und Praxis der vergleichenden Erzählforschung (digitale Erschließung)" Friedrich-Schiller-Universität Jena</publisher>
    <pubPlace>Jena, Thüringen, Deutschland</pubPlace>
    <date>WS 2016/17</date>
    <availability>
     <p>Die im Rahmen des Seminars "Theorie und Praxis der vergleichenden Erzählforschung (digitale Erschließung)" angefertigte Annotation des Textes inklusive Metadaten wird unter der Lizenz CC0 1.0 Universal veröffentlicht. </p>
     <p>
      <ref target="https://creativecommons.org/publicdomain/zero/1.0/legalcode">Lizenzvertrag</ref>
     </p>
    </availability>
   </publicationStmt>
   <sourceDesc>
    <msDesc>
     <msIdentifier>
      <country>Georgien</country>
      <district>Tbilisi</district>
      <institution>Archiv für georgische Volksdichtung</institution>
      <collection>faa00028</collection>
      <idno>13065</idno>
     </msIdentifier>
    </msDesc>
   </sourceDesc>
  </fileDesc>
  <profileDesc>
   <textClass>
    <keywords>
     <term>
      <index indexName="ISBN-951-41-0961-9"/>
      <ref target="https://de.wikipedia.org/wiki/Aarne-Thompson-Index"/>
      <ed:atu a516="a516: Der treue Johannes"/>
      <ed:atu a301="a301: Die drei geraubten Prinzessinnen"/>
      <ed:atu a300="a300: Drachentöter"/>
      <ed:atu a554="a554: Dankbare Tiere"/>
     </term>
    </keywords>
   </textClass>
   <langUsage>
    <language ident="kat">Georgisch<index indexName="iso639-3"/><ref target="http://www-01.sil.org/iso639-3/codes.asp"/></language>
   </langUsage>
   <creation>
    <placeName>
     <country ref="http://www.geonames.org/614540/georgia.html"/>
     <region>Samurzakano</region>
     <district/>
     <settlement/>
    </placeName>
    <date>1911</date>
   </creation>
   <particDesc>
    <person role="Erzähler">
     <persName>
      <forename>Nektari</forename>
      <surname>Sarkeblishvili</surname>
     </persName>
     <sex value="M">männlich</sex>
     <age/>
     <birth>
      <date/>
      <placeName>
       <country>Georgien</country>
       <region/>
       <district/>
       <settlement/>
      </placeName>
     </birth>
     <education/>
     <residence>
      <placeName>
       <country>Georgien</country>
       <region>Samurzakano</region>
       <district/>
       <settlement/>
      </placeName>
     </residence>
    </person>
    <person role="Feldforscher">
     <persName>
      <surname>Kelendjeridze</surname>
      <forename>Meliton</forename>
     </persName>
     <affiliation/>
    </person>
   </particDesc>
  </profileDesc>
  <encodingDesc>
   <editorialDecl>
    <stdVals>
     <p>Die Annotation beruht auf dem TEI 5 Annotationsstandard ergänzt durch den Namensraum "http://www1.uni-jena.de/dglab/atu/ns". Der Namensraum basiert auf dem extra für die Annotation der Märchentexte ausgearbeiteten XML-Schena "atu.xsd". Dieses gilt als Instrument für die Annotation der Märchentexte nach dem iternationalen Typenkatalog von Aarne-Thompson-Uther. Autor des XML-Schema Elguja Dadunashvili</p>
    </stdVals>
   </editorialDecl>
   <geoDecl>GPS</geoDecl>
  </encodingDesc>
 </teiHeader>
 <text>
  <body>
   <p> ზიკვატერა და მიკვატერა</p>
   <ab>
    <ed:atu h516aHD="h516 a: HD Königssohn"/>
    <ed:atu h516bOB="h516 b: OB Schwester von Ungeheuerbrüder"/>
    <ed:atu h516cAN="h516 c: AN Das Ungeheuer"/>
    <ed:atu h516dHF="h516 d: HF Durch die conceptia magica gleichzeitig geborener Bruder"/>
    <ed:atu h516hHO="h516 h: HO Ungehäuerbrüder"/>
    <ed:atu h301aHD="h301 a: HD Der HF aus dem Typ 516 Der treue Johannes"/>
    <ed:atu h301bOB="h301 b: OB Das OB aus dem Typ 516 Der treue Johannes"/>
    <ed:atu h301cAN="h301 c: AN Der AN aus dem Typ 516 Der treue Johannes"/>
    <ed:atu h301gFH="h301 g: FH Dem HD befreundete Gefährten"/>
    <ed:atu h301iAG="h301 i: AG Derselbe HO"/>
    <ed:atu h300aHD="h300 a: HD Der HF aus dem Typ 516 Der treue Johannes"/>
    <ed:atu h300bOB="h300 b: OB Königstochter"/>
    <ed:atu h300cAN="h300 c: AN Der Drache"/>
    <ed:atu h300eHF="h300 e: HF Der HF aus dem Typ 554 Dankbare Tiere"/>
    <ed:atu h300fZM="h300 f: ZM Feder als Heilmittel"/>
    <ed:atu h300dST="h300 d: ST Derselbe HF"/>
    <ed:atu h300hHO="h300 h: HO Der König"/>
    <ed:atu h300jVB="h300 j: VB Die alte Gastgeberin"/>
    <ed:atu h554aHD="h554 a: HD Der HF aus dem Typ 516 Der treue Johannes"/>
    <ed:atu h554eHF="h554 e: HF Vogel"/>
    <ed:atu h554jVB="h554 j: VB Junge des HF"/>
   </ab>
   <ab>
    <ed:atu m516a="m516 an: conceptia magica"/>
   </ab>
   <p> იყო ერთი უშვილო ხელმწიფე. ჰქონდა წისქვილი. ერთხელ შეამჩნია, რომ წყალს მოაქვს ვაშლი. დაიჭირა ვაშლი, ნახევარი თვითონ შეჭამა და ნახევარი ცოლს შეაჭამა. ცოლი დაორსულდა მეორე დღესვე, ეყოლა ვაჟი რომელსაც დაარქვეს მიკვატერა. მეორე დღეს, მეწისქვილემ დაიჭირა მეორე ვაშლი, მთლათ ცოლს შეაჭამა. დაორსულდა ისაც მეორე დღესვე ეყოლა ვაჟი, რომელსაც დაარქვეს ზიკვატერა. ვაჟები საკვირველად იზრდებოდნენ, მაგრამ ზიკვატერა ორ-ზომ უფრო ღონიერი იყო,ვიდრე მიკვატერა. ხელმწიფემ არ იცოდა ზიკვატერას ამბავი. როცა მიკვატერა გაიზარდა, მამამ დაუწყო მისთვის ისეთს საძმოს ძებნა, რომელიც იმავე დღეს იყო დაბადებული, როდესაც მიკვატერა. მოახსენეს ასეთი შენი მეწისქვილის შვილიაო. ხელმწიფემ მოითხოვა ზიკვატერა. ესეც ჯერ უარზე დადგა,მაგრამ ბოლოს მოვიდა ხელმწიფესთან და ეშვილა მას. </p>
   <ab>
    <ed:atu m516b="m516 bg: Der HD verliebt sich ins schwer zu erringende OB durch die Überlieferung"/>
    <ed:atu m516c="m516 cg: Der HF nimmt von der Liebe Verständnis verlorenen HD und macht sich auf den Weg zum OB"/>
    <ed:atu m516d="m516 dn: Der HO geben das OB dem HD zur Frau weil sie sich vor der stärke des HF fürchtet"/>
    <ed:atu m516d="m516 dx: Episode zu 301 Die drei geraubten Prinzessinnen"/>
   </ab>
   <p> ხელმწიფეს ერთი მეზობელი ქალი ემტერებოდა, ვაჟების დაღუპვა უნდოდა, ღამ-ღამით ას-ას კაცი თავს ესხმოდა ხელმწიფეს. ბოლოს ასეთი ხერხი იხმარა ქალმა, ურჩია კაცებს, მთას იქით დევს ქალი ყავს მზეთუნახავი, წაართვით, თუ კაი ვაჟკაცები ხართ, და მიკვატერას ჰყავდეს ცოლათო. ვაჟები წავიდნენ. გზაში მიკვატერას დაეძინა. ზიკვატერამ მოჰკრა თვალი, რომ ასი კაცი მოდის ხელმწიფის მოსაკლავად, მოჰკლა ყველა, სისხლმა მიკვატერა გააღვიძა, წამოვარდა ზეზე მიკვატერა და გაუჯავრდა ზიკვატერას, რათ გამზუნზეო წყლით. დაბრუნდენ მანდ, ხელმწიფეს მოახსენეს მტრების დახოცვის ამბავი. ხელმწიეს ძლიერ გაუხარდა. ვაჟები ისევ ქალის საძებნელად წავიდნენ. მთაში დიდი ნაპრალი იპოვეს, ჩაიხედეს შიგ და შენიშნეს, რომ დევების დედას ნაპრალში დაუღია პირი, ერთი კბილი ერთი კლდისათვის მიუბჯენია, მეორე მეორესათვის, იქნება შიგ პირში ჩამივარდნენ ადამიანებიო. ზიკვატელამ შვილდ-კომბლით ორივე კბილი ჩაამტვრია. ამოხტა უფროს შვილი და დაიძახა, ეს რა კაი სამწვადე ვიშოვეო, მაგრამ ვაჟებმა ძალზე სცემეს და გააბრუნეს, მეორესაც ასეთივე დღე დააყენეს, დევები შეშინდნენ. ზიკვატერა გაბედულად ჩავიდა ძირს მათს ქვეყანას მიაგნო ის ქალი და დაშანა (დანიშნა). </p>
   <ab>
    <ed:atu m301a="m301 ac: Episode von 516 Der treue Johannes"/>
    <ed:atu m301a="m301 ag: Der HO sendet das OB in die Unterwelt"/>
    <ed:atu m301b="m301 bg: Der HD geht auf die Suche nach OB"/>
    <ed:atu m301b="m301 bn: Der HD schließt unterwegs die Freundschaft mit dem FH"/>
    <ed:atu m301d="m301 dd: Der HD steigt in die Unterwelt herab"/>
    <ed:atu m301d="m301 dn: Der HD befreit das OB ohne Zweikampf"/>
    <ed:atu m301e="m301 eg: Der HD führt das befreite OB zum FH"/>
    <ed:atu m301e="m301 en: Der FH lässt den HD im Stich"/>
    <ed:atu m301e="m301 eo: Die FH ziehen den HD nicht herauf"/>
    <ed:atu m301e="m301 eq: Der ST weißt auf das ZM hin, mit dessen Hilfe der HD auf die Oberwelt kommen kann"/>
    <ed:atu m301e="m301 es: Der HD nimmt ein falsches ZM"/>
    <ed:atu m301e="m301 ev: Episode zu 300 Der Drachentöter"/>
   </ab>
   <p> დევმა ეს ქალი კიდევ უფრო დაბლა ქვეყანაში გააპარა. მოვიდა დევების მეორე დედა, სტაცა ფეხებში მას ზიკვატურამ ხელი და მითი სცემა მისვე შვილებს. დევები შეშინდენ. ზიკვატერამ უთხრა დევებს, ამ ჩემს ძმობტლს აქ დაგიტოვებთ, მე იმ ქალის მოსაყვანათ წავალ და თუ ძლიერ დამაგვიანდეს, შეჭამეთო. წავიდა ძირს. შეხვდა მღვდელი, რომელსაც იქ დიდი გავლენა ჰქონდა. ვაჟმა დააფიცა, რომ იქ არ ჩატოვებდა, არ დაღუპავდა და ზევით ამოიყვანდა. წავიდა, მიაგნო ქალი, შეაჯინა ფიცარზე, თითონაც დააჯდა და მოდიან ზევით. მღვდელმა უღალატა, ქალი თავის შვილისთვის წამოიყვანა ზევით და ვაჟი ძირს ჩააგდო. ქალმა ჩასძახა, კომბალი თან წაიღე, ორ ცხვარს შეხვთები თუ თეთრს შეხტები, აქამოხტები თუ შავზე - უფრო ძირს წახვალო. თეთრი ვერ დაიჭირა, შეხტა შავზე და კიდევ უფრო ძირს ჩავარდა.მოშივდა. </p>
   <ab>
    <ed:atu m300a="m300 an: Episode von 301 Die drei geraubten Prinzessinnen"/>
    <ed:atu m300b="m300 bg: Der HD gelangt in die Unterwelt"/>
    <ed:atu m300b="m300 bn: Der HD wird vom VB über die Not informiert"/>
    <ed:atu m300c="m300 cg: Der AN gibt Wasser nur für den gewissen Preis her"/>
    <ed:atu m300c="m300 cn: Das OB soll dem AN geopfert werden"/>
    <ed:atu m300e="m300 eg: Der HD tötet den AN"/>
    <ed:atu m300e="m300 ev: Der HD bringt das OB zurück zum Elternhaus"/>
    <ed:atu m300h="m300 hn: Der HD lehnt den Vorschlag des HO ab, eine Belohnung anzunehmen"/>
    <ed:atu m300h="m300 hn: Der HD bittet um die Fahrt in die Oberwelt"/>
    <ed:atu m300h="m300 hu: Episode zu 554 Dankbare Tiere"/>
   </ab>
   <p> დედაბერთან და საჭმელი სთხოვა. რითი გაგიკეთო, შვილო, წყალს გველეშაპი არ გვანებებს, უპასუხა ბებერმა. ზიკვატერამ გველეშაპი მოჰკლა, წყალი ამოარეცხია და ქალი ხელმწიფეს მიჰგვარა, ქალმა საჭმელი გაუკეთა, ხელმწიფემ საჩუქარი შეაძლია, ვაჟმა არ მიიღო, ზევით ამიყვანე, მეტი შენი არა მინდაო. ხელმწიფე შველას დაპირდა. უთხრა ერთი არწივია, იმას დევი შვილებს უჭამს, თუ იმ დევებს მოჰკლავ, არწივი ამოგიყვანსო ზევით. </p>
   <ab>
    <ed:atu m554a="m554 ag: Episode von 300 Der Drachentöter"/>
    <ed:atu m554b="m554 bg: Der HD rettet die Junge des HF aus der Lebensgefahr"/>
    <ed:atu m554c="m554 cg: Der HF bietet eine sofortige Hilfe an"/>
    <ed:atu m554e="m554 eg: Episode zu 300 Der Drachentöter"/>
   </ab>
   <p> ვაჟი წავიდა არწივის ბუდისკენ, მივიდა ხესთან, სადაც ბუდე ჰქონდა არწივს. არწივი ქვეყნის სისხო ქვას მოსატანად იყო წასული, რომ დევებისათვის თავში დაეცა. დევი ხეზე ასულიყო ბარტყების შესაჭმელად. ზიკვატერამ სამი ტყავი ჩაიცვა და ავიდა ხეზე. ხეზე ცეცხლი ადიოდა, ზიკვატერას ორი ტყავი შემოეწვა. მოჰკლა დევი, მაგრამ თვითონაც მოკვდა. შვილები დედასკენ გაფრინდნენ და ახარეს ზიკვატერას გმირობა. დედა არწივმა ქვა დააგდო, მოფრინდა,მოუსვა ზიკვატერას ფრთა და გააცოცხლა. მერე ჰკითხა ვაჟს, რითი გადაგიხადო ეგ შენი სიკეთეო. ვაჟმა ზევით აყვანა სთხოვა. არწივმა საგზლად 79 ხარი სთხოვა და 199 საპალნე ღვინო. </p>
   <ab>
    <ed:atu m300i="m300 ic: Episode von 554 Dankbare Tiere"/>
    <ed:atu m300i="m300 ig: Der HD steigt auf dem Rücken des HF auf und fliegt in die Oberwelt hinauf"/>
    <ed:atu m300i="m300 ii: Am Ende des Fluges futtert der HD den Vogel mit dem eigenen Fleisch"/>
    <ed:atu m300i="m300 ik: Der HF heilt die Wunde"/>
    <ed:atu m300i="m300 iu: Episode zu 301 Die drei geraubten Prinzessinnen"/>
   </ab>
   <p> ვაჟმა შეასრულა, დააწყო საგზალი ფიცარზე, შეება შიგ არწივი და წავიდა ზევითკენ. არწივმა უთხრა ვაჟს, როცა ყა დავიძახო, თითო ხარიდ, თითო საპალნე ღვინო მომეცი პირშიო, როცა დაელია საგზალი კანჭი გამოიჭრა, აჭამა არწივს, ავიდნენ.</p>
   <ab>
    <ed:atu m301f="m301 fc: Episode von 300 Der Drachentöter"/>
    <ed:atu m301g="m301 gd: Der HD erfährt von VB von der Hochzeit"/>
    <ed:atu m301g="m301 gj: Der HD zieht eine ärmliche Kleidung an"/>
    <ed:atu m301g="m301 gn: Der HD geht in die Hochzeit"/>
    <ed:atu m301h="m301 hg: Der FH wird bestraft"/>
    <ed:atu m301h="m301 hn: Der HD bringt das OB dem AG/HO zurück [Das Märchen endet hier]"/>
   </ab>
   <p> ზიკვატერამ ჩაიცვა მეღორის ტანსაცმელი და მოღალატე მღვდლისას წავიდა. მღვდელს ქორწილი ჰქონდა. ქალმა იცნო ზიკვატერა და ჩაიცინა. სტუმრებმა თქვეს, მეღორე აბა ერთი კარგად ითამაშეო. ზიკვატერა დაერთა ყველას და გაჟლიტა. წამოვიდნენ მიკვატერასთან, როცა მას დევები დაკვლას უპირებდნენ. მივარდა ზიკვატერა, კომბალი დევების სასახლე, დევები შეშინდენ და დაანებეს მას მიკვატერა. წამოიყვანა ზიკვატერამ მიკვატერა, მოიყვანა შინ, შერთო მას ცოლად ის მზეთუნახავი და დიდი ლხინი გადაიხადეს ხელმწიფის სასახლეში. გუშინ იქ ვიყავი ახლა აქა ვარ. 1. შეადარე პირველს ზღაპარს. 2. პირველ ზღაპარში ფასკუნჯი. 3. აქაც მასვე ეკითხება ფრინველი, რა იყო ის ტკბილი რომ მაჭამეო, ფეხს არჩენს. </p>
  </body>
 </text>
</TEI>