<TEI xmlns="http://www.tei-c.org/ns/1.0" xmlns:xsi="http://www.w3.org/2001/XMLSchema-instance" xmlns:ed="http://www.dglab.uni-jena.de/atu/ns" xsi:schemaLocation="http://www.tei-c.org/ns/1.0 ../XSD/Schema/tei_all.xsd">
 <teiHeader>
  <fileDesc>
   <titleStmt>
    <title>Ohne Titel. Georgisches Märchen. Annotiert nach dem Jenaer Schema der Märchenannotation</title>
    <author/>
    <respStmt>
     <resp>Annotiert von Elguja Dadunashvili</resp>
     <name/>
    </respStmt>
    <principal> </principal>
   </titleStmt>
   <editionStmt>
    <edition>Testarbeit im Rahmen des Seminars "Theorie und Praxis der vergleichenden Erzählforschung (digitale Erschließung)", Seminarleiter Elguja Dadunashvili <date>WS 2016/17</date></edition>
   </editionStmt>
   <publicationStmt>
    <publisher>Seminar "Theorie und Praxis der vergleichenden Erzählforschung (digitale Erschließung)" Friedrich-Schiller-Universität Jena</publisher>
    <pubPlace>Jena, Thüringen, Deutschland</pubPlace>
    <date>WS 2016/17</date>
    <availability>
     <p>Die im Rahmen des Seminars "Theorie und Praxis der vergleichenden Erzählforschung (digitale Erschließung)" angefertigte Annotation des Textes inklusive Metadaten wird unter der Lizenz CC0 1.0 Universal veröffentlicht. </p>
     <p>
      <ref target="https://creativecommons.org/publicdomain/zero/1.0/legalcode">Lizenzvertrag</ref>
     </p>
    </availability>
   </publicationStmt>
   <sourceDesc>
    <msDesc>
     <msIdentifier>
      <country>Georgien</country>
      <district>Batumi</district>
      <institution>Archiv für Volksdichtung Berdzenishvili-Institut Batumi</institution>
      <collection>bskifa 17, 79</collection>
      <idno>22044</idno>
     </msIdentifier>
    </msDesc>
   </sourceDesc>
  </fileDesc>
  <profileDesc>
   <textClass>
    <keywords>
     <term>
      <index indexName="ISBN-951-41-0961-9"/>
      <ref target="https://de.wikipedia.org/wiki/Aarne-Thompson-Index"/>
      <ed:atu a550="a550: Vogel, Pferd und Königstochter"/>
      <ed:atu a300="a300: Drachentöter"/>
      <ed:atu a554="a554: Dankbare Tiere"/>
     </term>
    </keywords>
   </textClass>
   <langUsage>
    <language ident="kat">Georgisch<index indexName="iso639-3"/><ref target="http://www-01.sil.org/iso639-3/codes.asp"/></language>
   </langUsage>
   <creation>
    <placeName>
     <country ref="http://www.geonames.org/614540/georgia.html"/>
     <region>Ajara</region>
     <district>Shuakhevi</district>
     <settlement>Takidzeebi</settlement>
    </placeName>
    <date>05. 07. 1959</date>
   </creation>
   <particDesc>
    <person role="Erzähler">
     <persName>
      <forename>Dursun</forename>
      <surname>Takidze</surname>
     </persName>
     <sex value="M">mänlich</sex>
     <age>82</age>
     <birth>
      <date/>
      <placeName>
       <country ref="http://www.geonames.org/614540/georgia.html"/>
       <region>Ajara</region>
       <district>Shuakhevi</district>
       <settlement>Takidzeebi</settlement>
      </placeName>
     </birth>
     <education>Analphabetisch</education>
     <residence>
      <placeName>
       <country ref="http://www.geonames.org/614540/georgia.html"/>
       <region>Ajara</region>
       <district>Shuakhevi</district>
       <settlement>Takidzeebi</settlement>
      </placeName>
     </residence>
    </person>
    <person role="Feldforscher">
     <persName>
      <surname>Noghaideli</surname>
      <forename>Jemal</forename>
     </persName>
     <affiliation>Berdzenishvili-Institut Batumi</affiliation>
    </person>
   </particDesc>
  </profileDesc>
  <encodingDesc>
   <editorialDecl>
    <stdVals>
     <p>Die Annotation beruht auf dem TEI 5 Annotationsstandard ergänzt durch den Namensraum "http://www1.uni-jena.de/dglab/atu/ns". Der Namensraum basiert auf dem extra für die Annotation der Märchentexte ausgearbeiteten XML-Schena "atu.xsd". Dieses gilt als Instrument für die Annotation der Märchentexte nach dem iternationalen Typenkatalog von Aarne-Thompson-Uther. Autor des XML-Schema Elguja Dadunashvili</p>
    </stdVals>
   </editorialDecl>
   <geoDecl>GeoNames</geoDecl>
  </encodingDesc>
 </teiHeader>
 <text>
  <front>
   <p>შიფრი: ბსკიფა 17, 79 მთქმელი: დურსუნ იუნურის ძე ტაკიძე ასაკი: 82 წლის საცხოვრებელი ადგილი: შუახევის რაიონი სოფ. ტაკიძეები ჩაწერის ადგილი: შუახევის რაიონი სოფ. ტაკიძეები ჩამწერი: ნოღაიდელი ჯემალ ჩაწერის თარიღი: 05. 07. 1959 </p>
  </front>
  <body>
   <ab> </ab>
   <p>ხუთი კაცი იყვენ ამხანაგები. ქონდენ ფული მოგებული ერთათ. ყავდენ ერთი გოგონა დაჭირული. ამ ხუთში ერთი კაცი ძრიელია და ამ ხუთნივეს ერევა. არიგებენ ფულს და ვერ წყვებიან. ზოგი ქალს ეკიდება, ზოგი ფულს და ვერ რიგდებიან. ამ ძლიერმა ცოტა გეიარ - გამეიარა და დანარჩენებმა მეილაპარაკეს, რომ ეს ბოლო ხანს ისე გვიყურებს, რომ ჩვენ ყველას წაგვართმევსო და ისე მუუწყოთ, რომ დავკარქოთო. ერთი ვერანა ქვეყანაა. ღრუ და იქ ჩავაგდოთ. დაათრეს და ჩააგდეს. </p>
   <ab>
    <ed:atu h300aHD="h300 a: HD Der HD aus dem Typ 550 Vogel, Pferd und Königstochter"/>
    <ed:atu h300bOB="h300 b: OB Untertan des Königs"/>
    <ed:atu h300cAN="h300 c: AN Der Drache"/>
    <ed:atu h300hHO="h300 h: HO Der König"/>
    <ed:atu h300jVB="h300 j: VB Die alte Gastgeberin"/>
    <ed:atu m300a="m300 an: Episode von 550 Vogel, Pferd und Königstochter"/>
    <ed:atu m300b="m300 bg: Der HD gelangt in die Unterwelt"/>
    <ed:atu m300b="m300 bn: Der HD siht wie das VB statt Wasser Urin benutzt"/>
    <ed:atu m300c="m300 cg: Der AN gibt Wasser nur für den gewissen Preis her"/>
    <ed:atu m300c="m300 cn: Das OB soll dem AN geopfert werden"/>
    <ed:atu m300d="m300 dg: Der HD geht zum Ort wo das OB geopfert werden soll"/>
    <ed:atu m300e="m300 eg: Der HD tötet den AN"/>
    <ed:atu m300h="m300 hn: Der HD bittet um die Fahrt in die Oberwelt"/>
    <ed:atu m300h="m300 ho: Der HD wird über einen Vogel als möglicher Helfer bei der Fahrt nach Oberwelt informiert"/>
    <ed:atu m300h="m300 hu: Episode zu 554 Dankbare Tiere"/>
   </ab>
   <p>ჩევდა, რომ ერთი ქვეყანაა, წყალიც არი, სახლები, მოწყობილობა, მარა გამლელ - გამომლელი არვინაა. მეგემ არის ორი გველვეშაპი და ეშინიან იმათიდან და გარე ვერ გამოვლიან მაიდამაი. როდისაც ერთ ინსანს მიცემენ გველვეშაპს, მაშინ ნება აქვან ხალხმა გეიარ - გამოიაროს და არ ეშინოდენ. ისეთათ დაყრუებულია აი სოფელი გველვეშაპი გამო. რომ შიოდა კაცს და წყალი არ იყო. ჭადი მოზილიხან ქალმა დაშარდა გობზე. იმით ჭადი გამუაცხო, მარა ამან კი იცოდა ის მდგომარეობა და ის ჭადი გადააგდო. მიიკითხა, მეიკითხა, ვინმეს ვერ ხედავს, ნახა ერთი კაცი. "რაშია კაცო საქმე, არვინ არ არის, ქალები უწყლობის გამო ჭადს ვერ აკრებენო. რა ვქნათო, სამ დღეში ერთმა სახლიდან ერთი კაცი უნდა მივცეთ: ან კაცი, ან ქალი, ან ბაღვიო და იმ დღეს გვაქ წყალიო." "წიმიყვანეთ და მანახეთ მდგომარეობა, რაშია საქმეო, თქვენ ნუ გეშინიანო." მივდა რომ გოგონები, კაცები, ქალები დამყრევლა ერთ ოთახში და იქიდან აძლევენ, ვისაც მუუწევს. იმათ უთხრა, იმ დამყრევლ ხალხს: "სად არის გველვეშაპიო." მიიყვანეს, დაანახვეს,- "იქ არის, შორეო. მაგზე მიყვები და ღელეშიაო." მივდა ამ კაცმა, შეხედა, რუმე ეს ხე, ტანები, ის რუმ სულს ითქვამს, მუა, წავა. მივდა პირდაპირ ამ გველვეშაპთან. გველვეშაპმა წამიეყუდა და გველვეშაპმა რომ გაასარსალა ორი ენა, ამან რომ დაარტყა თავზე, თავი მოსწყვიტა, რაც დარჩა, მოშჭრა ყამით და გაათავისუფლა. ის მდგომარეობა მოვდა ხალხმა და სუა წყალი. წევდენ და უთხრეს ხემწიფეს, რომ "გაგვანთავისუფლა ერთერთმა კაცმა და რა ვქნათ ახლაო." "მეიყვანეთ აქაო,"- ხემწიფემ უთხრა. იმ ხემწიფემ უთხრა: "საიდან ხარ, რა ხარ, რამდენ ფულს წეიღებ, რამდენი შიგიძლიანო." "ფული მე არ მინდაო, მე მინდა ჩემ ქვეყანაში იმიყვანო. ზედა ქვეყანაშიო." უთხრა ხემწიფემ რუმეო, "შენ მე ძალიან მაგარი სიტყვა მითხარი, მაგი მე არ შემიძლია, მაგათ უმფო შენ შეგიძლიაო, მეო შაჭამადს მოქცემ, რამტონსაც იტყვიო. ერთი ჩიტი არისო, იმისისხო არისო, რომ ამ ქვეყანას რომ გეიარს, ეს ქვეყანა ბნელდებაო. აგერ შენ რომ ხალხი გადაარჩინე და გველვეშაპი მოკალიო. იმისისხო გველვეშაპი იმ ჩიტს ყავს შემოჩვეული და ყველ წელიწად ბარტყებს უჭამსო. იმ ბარტყებს თუ გეენთავისუფლეფ და გველვეშაპს მოკლაო, მაშინ ის ჩიტი აგიყვანს მაღლა ქვეყანას. იმის მეტი ვერაო." "მასტავლეთ სად არიო?" და გუუშვეს. </p>
   <ab>
    <ed:atu h554aHD="h554 a: HD Der HD aus dem Typ 550 Vogel, Pferd und Königstochter"/>
    <ed:atu h554eHF="h554 e: HF Adler"/>
    <ed:atu h554jVB="h554 j: VB Junge des HF"/>
    <ed:atu m554a="m554 ag: Episode von 300 Der Drachentöter"/>
    <ed:atu m554b="m554 bg: Der HD rettet die Junge des HF aus der Lebensgefahr"/>
    <ed:atu m554c="m554 cg: Der HF bietet eine sofortige Hilfe an"/>
    <ed:atu m554e="m554 eg: Episode zu 300 Der Drachentöter"/>
    <ed:atu/>
   </ab>
   <ab/>
   <p> მივდა ადგილზე ჩიტებთან, ჩიტებმა არ უუშვეს, ბალნები არ აქვენ. შეიძლება თითოს გამოვდენ ოც - ოცი ფუთი. ორნი არიან, მარტო დედალ - მამალი, ჩიტებმა უთხრეს: "ანაი ჩვენ საჭმელზუა წასული. წადი ახლა, გველვეშაპი მუა, ჩვენ შესაჭმელათ და შენც შეგჭამსო." შიეკითხა ამ კაცმა: "ორნი, დედალ - მამალი რატომ ხართო?" "ერთი მამალი უნდა იყოს, რომეო იმ გველვეშაპზე იმფო მაგარი იქნება, თუ გადარჩა გველვეშაპიდანო," მასობაში გადიეყუდა გველვეშაპმა გადასაყლაპავათ, ეს კაციც უნდა გადაყლაპოს. რამდენი მიეყუდა გველვეშაპმა, იმდენზე გადაჭრა და გათავისუფლა ჩიტები სულ. ჩიტებმა არ გუუშვეს ის კაცი, "იქ უნდა იყო ანაის მოსლამდინო. ჩვენო ღონიერო ბიძავ, ანა რომ მოვა, არ შეგეშინოს, დაბნელდება ეს ქვეყანაო." იმ დროზე დაბნელდა, მუადგა ჩიტების დედამისმა, როგორც მუადგა დეჲნახა ემ კაცი. გადიეყუდა, უნდა შეჭამოს ეს კაცი, მარა ბარტყებმა არ დაანებეს. უთხრეს, რუმ "ჩვენ გადაგვარჩინა ანაო. მოკლა ჩვენი მტერი - გველვეშაპივო." დეინახა მოკლული გველვეშაპი და გაჩერდა. იმ ერთ წუთზე იმ ნიკარტით ეს გველვეშაპი ისე დაჭრა, რომ დააქფია. "რა გინდა შენაო, სამაგიერო რა მოქცეო,"- უთხრა ამ კაცს. "თუ იმიყვან, ზედა ქვეყანაში და იმიყვანოო, ჩემ ქვეყანაში, თუ არა აფერი არ მინდაო." "ძალიან ძიმე სიტყვა მითხარიო, რა ვქნა უნდა იგიყვანოვო. წადი ახლაო და თუ შეძლებო, მეჲტა შაჭმელი ეს და ესო, უთხრა, ასი ფუთი ღვინო, სამასი ფუთი ძროხის ხორციო სამასი ფუთი ცხვრის ხორციო, სამასი ცალი თევზიო." წევდა, უთხრა ხემწიფეს, ეს მიდაო და ხელათ მუუტანეს ბარტყებთან. </p>
   <ab> </ab>
   <ab>
    <ed:atu m300i="m300 ic: Episode von 554 Dankbare Tiere"/>
    <ed:atu m300i="m300 if: Der HD nimmt vom HO das Futter für den Helfer bei der Fahrt nach Oberwelt"/>
    <ed:atu m300i="m300 ig: Der HD steigt auf dem Rücken des HF auf und fliegt in die Oberwelt hinauf"/>
    <ed:atu m300i="m300 ii: Am Ende des Fluges futtert der HD den Vogel mit dem eigenen Fleisch"/>
    <ed:atu m300i="m300 ik: Der HF heilt die Wunde"/>
    <ed:atu m300i="m300 iu: Episode zu 550 Vogel, Pferd und Königstochter"/>
   </ab>
   <p> შამეიჟდუმლია ამ ბარტყების დედამ და გამგზავდენ. ერთ ფრთაზეა ეს კაცი, მარტო, ერთ ფთაზე თლათ ის, რაც ხორცი და შაჭმელია. რუმ წევდა, უთხრა ამ კაცს: "ერთ ფთას მევქნევო, ხორცი ჩიმიდევი, ცხვრის ხორცი, მიორეთ მევქნევო ძროხის ხორციო, მესამეთ თევზის ერთი ცალი მეოთხეთ ღვინო მოსვიო." ერთი ფთის მოქნევა რომ დუუკლდენ, მაშინ აფერი აღარ ქონდა. ჭლიკის ბილი მოიწიკვა და ჩუუდვა პირში. რავარც ჩუუდვა, ეს ინსნის ხორცი იამა, გემრიელი ყოფილა ძალვა. იამა და გააჩერა, აღარ გადაყლაპა, ევდენ უკვე და დეისვენეს ჩიტმა უთხრა, რომ "წეიარე ახლაო." "დაბუხვილი ვარო." დაბუხვილი, წივი რომ აღარ აქ, ვეღარ წეიარს, წანორია, მარა ვერ წეიარა. "მოდი, მოდი აქაო, ამეიწი ჭლიკი, ამეიწიო, ჭლიკი ვნახოვო." შენახული ამეიღო, ჩააწყო იქ, წუუსვა ფთაი და ძველებურა გახტა კაცი. იმან მის გზაზე წევდა, იმან მის გზაზე. </p>
   <ab> </ab>
   <p> მივდა ამ კაცმა მის სოფელში, ეს მისი მტრების ისვენ ისე არიგებენ ფულს და ვერ წყვებიან, ეს გოგონაც ქია ხელ წუუკარებელი. მივდა, დეჲკავა ესენი, ხუთი კაცი მოხუჭა ერთათ, მიატოლა ერთმანებზე და შიელაპარაკა: ამდენი მამწვალეთ, ჩემთან რა გინდოდენ თქვენო. ქითაბში წერიაო, - იმათ უთხრა, სხვისას რომ მეიდომებ შეჭმას, შენსასაც ვერ შეჭამო, ახლაო ის ქალიც ჩემია და ფულიც ჩემია ჰალალათო. ახლა თქვენო ჩაგაგდებთ, საცხან მე ჩამაგდეთ და მწვალობა თქვენც ნახეთო. გავანთავისუფლე ხალხი, წყალი ვასვიო, ჩიტი გავანთავისუფლე და ბარტყებს იზრდისო, მეც აქ ამუელი, ახლა ფულიც მაქ, ქალიც მყავს და თქვენ იყავით იქაო.</p>
  </body>
  <back>
   <p>ბოლო.</p>
  </back>
 </text>
</TEI>