<TEI xmlns="http://www.tei-c.org/ns/1.0" xmlns:xsi="http://www.w3.org/2001/XMLSchema-instance" xmlns:ed="http://www.dglab.uni-jena.de/atu/ns" xsi:schemaLocation="http://www.tei-c.org/ns/1.0 ../XSD/Schema/tei_all.xsd">
 <teiHeader>
  <fileDesc>
   <titleStmt>
    <title>Schwarze Hunde. Georgisches Märchen. Annotiert nach dem Jenaer Schema der Märchenannotation</title>
    <author/>
    <respStmt>
     <resp>Annotiert von Elguja Dadunashvili</resp>
     <name/>
    </respStmt>
    <principal> </principal>
   </titleStmt>
   <editionStmt>
    <edition>Testarbeit im Rahmen des Seminars "Theorie und Praxis der vergleichenden Erzählforschung (digitale Erschließung)", Seminarleiter Elguja Dadunashvili <date>WS 2016/17</date></edition>
   </editionStmt>
   <publicationStmt>
    <publisher>Seminar "Theorie und Praxis der vergleichenden Erzählforschung (digitale Erschließung)" Friedrich-Schiller-Universität Jena</publisher>
    <pubPlace>Jena, Thüringen, Deutschland</pubPlace>
    <date>WS 2016/17</date>
    <availability>
     <p>Die im Rahmen des Seminars "Theorie und Praxis der vergleichenden Erzählforschung (digitale Erschließung)" angefertigte Annotation des Textes inklusive Metadaten wird unter der Lizenz CC0 1.0 Universal veröffentlicht. </p>
     <p>
      <ref target="https://creativecommons.org/publicdomain/zero/1.0/legalcode">Lizenzvertrag</ref>
     </p>
    </availability>
   </publicationStmt>
   <sourceDesc>
    <msDesc>
     <msIdentifier>
      <country>Georgien</country>
      <district>Tbilisi</district>
      <institution>Archiv für georgische Volksdichtung</institution>
      <collection>fav41 gv61</collection>
      <idno>42</idno>
     </msIdentifier>
    </msDesc>
   </sourceDesc>
  </fileDesc>
  <profileDesc>
   <textClass>
    <keywords>
     <term>
      <index indexName="ISBN-951-41-0961-9"/>
      <ed:atu a562="a562: Geist im blauen Licht"/>
      <ed:atu a300="a300: Drachentöter"/>
     </term>
    </keywords>
   </textClass>
   <langUsage>
    <language ident="kat">Georgisch<index indexName="iso639-3"/><ref target="http://www-01.sil.org/iso639-3/codes.asp"/></language>
   </langUsage>
   <creation>
    <placeName>
     <country ref="http://www.geonames.org/614540/georgia.html">Georgien</country>
     <region ref="http://www.geonames.org/611804/svaneti.html">Swanetien</region>
     <district ref="http://www.geonames.org/612986/mest-iach-ala.html">Mestiachala</district>
     <settlement ref="http://www.geonames.org/614532/gheshderi.html">Gheschderi</settlement>
    </placeName>
    <date>1960</date>
   </creation>
   <particDesc>
    <person role="Erzähler">
     <persName>
      <forename>Schota</forename>
      <surname>Chkhvimiani</surname>
     </persName>
     <sex value="M">männlich</sex>
     <age>14</age>
     <birth>
      <date>1946</date>
      <placeName>
       <country ref="http://www.geonames.org/614540/georgia.html">Georgien</country>
       <region ref="http://www.geonames.org/611804/svaneti.html">Swanetien</region>
       <district ref="http://www.geonames.org/612986/mest-iach-ala.html">Mestiachla</district>
       <settlement ref="http://www.geonames.org/614532/gheshderi.html">Gheschderi</settlement>
      </placeName>
     </birth>
     <education>Schüler</education>
     <residence>
      <placeName>
       <country ref="http://www.geonames.org/614540/georgia.html">Georgien</country>
       <region ref="http://www.geonames.org/611804/svaneti.html">Swanetien</region>
       <district ref="http://www.geonames.org/612986/mest-iach-ala.html">Mestiachala</district>
       <settlement ref="http://www.geonames.org/614532/gheshderi.html">Gheschderi</settlement>
      </placeName>
     </residence>
    </person>
    <person role="Feldforscher">
     <persName>
      <surname>Davitiani</surname>
      <forename>Ali</forename>
     </persName>
     <affiliation>Schota-Rustaveli Institut für georgische Literatur</affiliation>
    </person>
   </particDesc>
  </profileDesc>
  <encodingDesc>
   <editorialDecl>
    <stdVals>
     <p>Die Annotation beruht auf dem TEI 5 Annotationsstandard ergänzt durch den Namensraum "http://www.dglab.uni-jena.de/atu/ns". Der Namensraum basiert auf dem extra für die Annotation der Märchentexte ausgearbeiteten XML-Schena "atu.xsd". Dieses gilt als Instrument für die Annotation der Märchentexte nach dem iternationalen Typenkatalog von Aarne-Thompson-Uther. Autor des XML-Schema Elguja Dadunashvili</p>
    </stdVals>
   </editorialDecl>
   <geoDecl>GPS</geoDecl>
  </encodingDesc>
 </teiHeader>
 <text>
  <body>
   <ab>
    <ed:atu h300aHD="h300 a: HD Der HD aus dem Typ 562 Das blaue Licht"/>
    <ed:atu h300bOB="h300 b: OB Königstochter"/>
    <ed:atu h300cAN="h300 c: AN Der Drache"/>
    <ed:atu h300aHD="h300 a: HD Der HD aus dem Typ 562 Das blaue Licht"/>
    <ed:atu h300gFH="h300 g: FH Ein Jude"/>
    <ed:atu h300hHO="h300 h: HO Der König"/>
    <ed:atu h300jVB="h300 j: VB Bewohner der Stadt"/>
    <ed:atu m300a="m300 an: Episode von 562 Das Blaue Licht"/>
    <ed:atu m300b="m300 bg: Der HD gelangt in eine in tiefer Trauer lebende Stadt"/>
    <ed:atu m300b="m300 bn: Der HD wird vom VB über die Not informiert"/>
    <ed:atu m300c="m300 cg: Der AN gibt Wasser nur für den gewissen Preis her"/>
    <ed:atu m300c="m300 cn: Das OB soll dem AN geopfert werden"/>
    <ed:atu m300d="m300 dg: Der HD geht zum Ort wo das OB geopfert werden soll"/>
    <ed:atu m300e="m300 eg: Der HD tötet den AN"/>
    <ed:atu m300e="m300 eg: Bei dem Kampf hilft dem HD der HF"/>
   </ab>
   <p>Textteil S.61f <ref target="/PDF/fav41%20gv61.pdf#page=1">text</ref></p>
   <ab>
    <ed:atu m300e="m300 en: Das OB markiert den siegreiche HD bzw. seinen HF"/>
    <ed:atu m300e="m300 ep: Bereitschaft zur Eheschließung zwischen HD und dem OB"/>
    <ed:atu m300e="m300 er: Der HD will bevor er heiratet seinen Wunsch erfüllen, Reise bzw. Auftrag beenden"/>
    <ed:atu m300e="m300 ev: Das befreite OB geht zum Elternhaus"/>
    <ed:atu m300f="m300 fd: Unter dem Druck zwingt der FH das OB ihn als Befreier auszugeben"/>
    <ed:atu m300f="m300 fe: Der FH gibt sich als Befreier aus und verlangt die Hand des OB"/>
    <ed:atu m300g="m300 gb: Der HD erkundigt sich beim VB über die Hochzeit"/>
    <ed:atu m300g="m300 gh: Der HD dringt in die Hochzeit ein"/>
    <ed:atu m300g="m300 gj: Der HD schlagt vor dass jeder Anwesende sein Abenteuer erzählt"/>
   </ab>
   <p>Textteil S.62 <ref target="/PDF/fav41%20gv61.pdf#page=2">text</ref></p>
   <ab>
    <ed:atu m300g="m300 gk: Das OB erzählt die Wahrheit"/>
    <ed:atu m300g="m300 gn: Der echte HD bzw. sein HF wird durch die zuvor unternommene Markierung belegt"/>
    <ed:atu m300g="m300 gu: Der FH wird bestraft"/>
    <ed:atu m300h="m300 hg: Der HD heiratet das OB"/>
   </ab>
   <p>Textteil S.63 <ref target="/PDF/fav41%20gv61.pdf#page=3">text</ref></p>
   <ab>
    <ed:atu m300h="m300 hu: Episode zu 562 Geist im blauen Licht"/>
   </ab>
   <p>Textteil S.64 <ref target="/PDF/fav41%20gv61.pdf#page=4">text</ref></p>
  </body>
 </text>
</TEI>