<collection xmlns="http://exist.sourceforge.net/NS/exist" name="/db/ATU/XSD/Schema" owner="adminuser" group="dba" mode="751" created="2023-11-02T21:25:22+01:00" deduplicate-blobs="false" version="2">
    <acl entries="0" version="1"/>
    <resource type="XMLResource" name="tei_all_xml.xsd" owner="adminuser" group="dba" mode="640" created="2023-10-31T17:23:43+01:00" modified="2023-10-31T17:23:43+01:00" filename="tei_all_xml.xsd" mimetype="application/xml">
        <acl entries="0" version="1"/>
    </resource>
    <resource type="XMLResource" name="tei_all_teix.xsd" owner="adminuser" group="dba" mode="640" created="2023-10-31T17:23:43+01:00" modified="2023-10-31T17:23:43+01:00" filename="tei_all_teix.xsd" mimetype="application/xml">
        <acl entries="0" version="1"/>
    </resource>
    <resource type="XMLResource" name="tei_all_dcr.xsd" owner="adminuser" group="dba" mode="640" created="2023-10-31T17:23:43+01:00" modified="2023-10-31T17:23:43+01:00" filename="tei_all_dcr.xsd" mimetype="application/xml">
        <acl entries="0" version="1"/>
    </resource>
    <resource type="XMLResource" name="tei_all.xsd" owner="adminuser" group="dba" mode="640" created="2023-10-31T17:23:41+01:00" modified="2023-10-31T17:23:41+01:00" filename="tei_all.xsd" mimetype="application/xml">
        <acl entries="0" version="1"/>
    </resource>
    <resource type="XMLResource" name="atu.xsd" owner="adminuser" group="dba" mode="640" created="2023-10-31T17:23:41+01:00" modified="2023-10-31T17:23:41+01:00" filename="atu.xsd" mimetype="application/xml">
        <acl entries="0" version="1"/>
    </resource>
</collection>